exec,label,timestamp,cpu,mem
112,action_server,1733802119,6.2,2756.0
112,action_server,1733802119,0.0,2756.0
112,action_server,1733802120,0.0,2756.0
112,action_server,1733802120,0.0,2756.0
112,action_server,1733802121,0.0,2756.0
112,action_server,1733802121,6.7,2756.0
112,action_server,1733802122,0.0,2756.0
112,action_server,1733802123,0.0,2756.0
112,action_server,1733802123,0.0,2756.0
112,action_server,1733802124,0.0,2756.0
112,action_server,1733802124,0.0,2756.0
112,action_server,1733802125,0.0,2756.0
112,action_server,1733802125,6.2,2756.0
112,action_server,1733802126,0.0,2756.0
112,action_server,1733802126,0.0,2756.0
112,action_server,1733802127,0.0,2756.0
112,action_server,1733802127,0.0,2756.0
112,action_server,1733802128,0.0,2756.0
112,action_server,1733802128,0.0,2756.0
112,action_server,1733802129,0.0,2756.0
112,action_server,1733802129,0.0,2756.0
112,action_server,1733802130,0.0,2756.0
112,action_server,1733802130,0.0,2756.0
112,action_server,1733802131,0.0,2756.0
112,action_server,1733802131,0.0,2756.0
112,action_server,1733802132,0.0,2756.0
112,action_server,1733802132,6.7,2756.0
112,action_server,1733802133,0.0,2756.0
112,action_server,1733802134,0.0,2756.0
112,action_server,1733802134,0.0,2756.0
112,action_server,1733802135,0.0,2756.0
112,action_server,1733802135,0.0,2756.0
112,action_server,1733802136,0.0,2756.0
112,action_server,1733802136,0.0,2756.0
112,action_server,1733802137,0.0,2756.0
112,action_server,1733802137,0.0,2756.0
112,action_server,1733802138,0.0,2756.0
112,action_server,1733802138,0.0,2756.0
112,action_server,1733802139,0.0,2756.0
112,action_server,1733802139,0.0,2756.0
112,action_server,1733802140,0.0,2756.0
112,action_server,1733802140,0.0,2756.0
112,action_server,1733802141,0.0,2756.0
112,action_server,1733802141,0.0,2756.0
112,action_server,1733802142,0.0,2756.0
112,action_server,1733802142,0.0,2756.0
112,action_server,1733802143,0.0,2756.0
112,action_server,1733802143,0.0,2756.0
112,action_server,1733802144,0.0,2756.0
112,action_server,1733802144,0.0,2756.0
112,action_server,1733802145,0.0,2756.0
112,action_server,1733802146,0.0,2756.0
112,action_server,1733802146,0.0,2756.0
112,action_server,1733802147,0.0,2756.0
112,action_server,1733802147,0.0,2756.0
112,action_server,1733802148,6.7,2756.0
112,action_server,1733802148,0.0,2756.0
112,action_server,1733802149,0.0,2756.0
112,action_server,1733802149,0.0,2756.0
112,action_server,1733802150,0.0,2756.0
112,action_server,1733802150,0.0,2756.0
112,action_server,1733802151,0.0,2756.0
112,action_server,1733802151,0.0,2756.0
112,action_server,1733802152,0.0,2756.0
112,action_server,1733802152,0.0,2756.0
112,action_server,1733802153,0.0,2756.0
112,action_server,1733802153,0.0,2756.0
112,action_server,1733802154,0.0,2756.0
112,action_server,1733802154,0.0,2756.0
112,action_server,1733802155,0.0,2756.0
112,action_server,1733802155,0.0,2756.0
112,action_server,1733802156,0.0,2756.0
112,action_server,1733802157,0.0,2756.0
112,action_server,1733802157,0.0,2756.0
112,action_server,1733802158,0.0,2756.0
112,action_server,1733802158,0.0,2756.0
112,action_server,1733802159,0.0,2756.0
112,action_server,1733802159,0.0,2756.0
112,action_server,1733802160,6.7,2756.0
112,action_server,1733802160,0.0,2756.0
112,action_server,1733802161,0.0,2756.0
112,action_server,1733802161,0.0,2756.0
112,action_server,1733802162,0.0,2756.0
112,action_server,1733802162,0.0,2756.0
112,action_server,1733802163,0.0,2756.0
112,action_server,1733802163,0.0,2756.0
112,action_server,1733802164,0.0,2756.0
112,action_server,1733802164,0.0,2756.0
112,action_server,1733802165,0.0,2756.0
112,action_server,1733802165,0.0,2756.0
112,action_server,1733802166,0.0,2756.0
112,action_server,1733802166,0.0,2756.0
112,action_server,1733802167,6.7,2756.0
112,action_server,1733802168,0.0,2756.0
112,action_server,1733802168,0.0,2756.0
112,action_server,1733802169,0.0,2756.0
112,action_server,1733802169,0.0,2756.0
112,action_server,1733802170,0.0,2756.0
112,action_server,1733802170,0.0,2756.0
112,action_server,1733802171,0.0,2756.0
112,action_server,1733802171,6.2,2756.0
112,action_server,1733802172,0.0,2756.0
112,action_server,1733802172,0.0,2756.0
112,action_server,1733802173,0.0,2756.0
112,action_server,1733802173,6.2,2756.0
112,action_server,1733802174,0.0,2756.0
112,action_server,1733802174,0.0,2756.0
112,action_server,1733802175,0.0,2756.0
112,action_server,1733802175,0.0,2756.0
112,action_server,1733802176,0.0,2756.0
112,action_server,1733802176,0.0,2756.0
112,action_server,1733802177,0.0,2756.0
112,action_server,1733802177,0.0,2756.0
112,action_server,1733802178,0.0,2756.0
112,action_server,1733802179,6.7,2756.0
112,action_server,1733802179,0.0,2756.0
112,action_server,1733802180,0.0,2756.0
112,action_server,1733802180,0.0,2756.0
112,action_server,1733802181,0.0,2756.0
112,action_server,1733802181,0.0,2756.0
112,action_server,1733802182,0.0,2756.0
112,action_server,1733802182,0.0,2756.0
112,action_server,1733802183,0.0,2756.0
112,action_server,1733802183,0.0,2756.0
112,action_server,1733802184,0.0,2756.0
112,action_server,1733802184,0.0,2756.0
112,action_server,1733802185,0.0,2756.0
112,action_server,1733802185,0.0,2756.0
112,action_server,1733802186,0.0,2756.0
112,action_server,1733802186,0.0,2756.0
112,action_server,1733802187,0.0,2756.0
112,action_server,1733802187,0.0,2756.0
112,action_server,1733802188,0.0,2756.0
112,action_server,1733802188,0.0,2756.0
112,action_server,1733802189,0.0,2756.0
112,action_server,1733802189,0.0,2756.0
112,action_server,1733802190,0.0,2756.0
112,action_server,1733802191,6.7,2756.0
112,action_server,1733802191,0.0,2756.0
112,action_server,1733802192,0.0,2756.0
112,action_server,1733802192,0.0,2756.0
112,action_server,1733802193,0.0,2756.0
112,action_server,1733802193,0.0,2756.0
112,action_server,1733802194,0.0,2756.0
112,action_server,1733802194,0.0,2756.0
112,action_server,1733802195,0.0,2756.0
112,action_server,1733802195,0.0,2756.0
112,action_server,1733802196,0.0,2756.0
112,action_server,1733802196,0.0,2756.0
112,action_server,1733802197,0.0,2756.0
112,action_server,1733802197,0.0,2756.0
112,action_server,1733802198,6.2,2756.0
112,action_server,1733802198,0.0,2756.0
112,action_server,1733802199,0.0,2756.0
112,action_server,1733802199,0.0,2756.0
112,action_server,1733802200,0.0,2756.0
112,action_server,1733802200,0.0,2756.0
112,action_server,1733802201,0.0,2756.0
112,action_server,1733802202,0.0,2756.0
112,action_server,1733802202,0.0,2756.0
112,action_server,1733802203,6.7,2756.0
112,action_server,1733802203,0.0,2756.0
112,action_server,1733802204,0.0,2756.0
112,action_server,1733802204,0.0,2756.0
112,action_server,1733802205,0.0,2756.0
112,action_server,1733802205,0.0,2756.0
112,action_server,1733802206,0.0,2756.0
112,action_server,1733802206,0.0,2756.0
112,action_server,1733802207,0.0,2756.0
112,action_server,1733802207,0.0,2756.0
112,action_server,1733802208,0.0,2756.0
112,action_server,1733802208,0.0,2756.0
112,action_server,1733802209,0.0,2756.0
112,action_server,1733802209,0.0,2756.0
112,action_server,1733802210,0.0,2756.0
112,action_server,1733802210,0.0,2756.0
112,action_server,1733802211,0.0,2756.0
112,action_server,1733802211,0.0,2756.0
112,action_server,1733802212,0.0,2756.0
112,action_server,1733802213,0.0,2756.0
112,action_server,1733802213,0.0,2756.0
112,action_server,1733802214,0.0,2756.0
112,action_server,1733802214,0.0,2756.0
112,action_server,1733802215,0.0,2756.0
112,action_server,1733802215,0.0,2756.0
112,action_server,1733802216,0.0,2756.0
112,action_server,1733802216,6.7,2756.0
112,action_server,1733802217,0.0,2756.0
112,action_server,1733802217,0.0,2756.0
112,action_server,1733802218,0.0,2756.0
112,action_server,1733802218,0.0,2756.0
112,action_server,1733802219,0.0,2756.0
112,action_server,1733802219,0.0,2756.0
112,action_server,1733802220,0.0,2756.0
112,action_server,1733802220,0.0,2756.0
112,action_server,1733802221,0.0,2756.0
112,action_server,1733802221,0.0,2756.0
112,action_server,1733802222,0.0,2756.0
112,action_server,1733802222,0.0,2756.0
112,action_server,1733802223,0.0,2756.0
112,action_server,1733802223,0.0,2756.0
112,action_server,1733802224,6.2,2756.0
112,action_server,1733802225,0.0,2756.0
112,action_server,1733802225,0.0,2756.0
112,action_server,1733802226,0.0,2756.0
112,action_server,1733802226,0.0,2756.0
112,action_server,1733802227,0.0,2756.0
112,action_server,1733802227,0.0,2756.0
112,action_server,1733802228,0.0,2756.0
112,action_server,1733802228,0.0,2756.0
112,action_server,1733802229,6.2,2756.0
112,action_server,1733802229,0.0,2756.0
112,action_server,1733802230,0.0,2756.0
112,action_server,1733802230,0.0,2756.0
112,action_server,1733802231,0.0,2756.0
112,action_server,1733802231,0.0,2756.0
112,action_server,1733802232,0.0,2756.0
112,action_server,1733802232,0.0,2756.0
112,action_server,1733802233,0.0,2756.0
112,action_server,1733802233,0.0,2756.0
112,action_server,1733802234,0.0,2756.0
112,action_server,1733802234,0.0,2756.0
112,action_server,1733802235,0.0,2756.0
112,action_server,1733802236,0.0,2756.0
112,action_server,1733802236,0.0,2756.0
112,action_server,1733802237,0.0,2756.0
112,action_server,1733802237,0.0,2756.0
112,action_server,1733802238,0.0,2756.0
112,action_server,1733802238,0.0,2756.0
112,action_server,1733802239,0.0,2756.0
112,action_server,1733802239,0.0,2756.0
112,action_server,1733802240,0.0,2756.0
112,action_server,1733802240,0.0,2756.0
112,action_server,1733802241,0.0,2756.0
112,action_server,1733802241,0.0,2756.0
112,action_server,1733802242,0.0,2756.0
112,action_server,1733802242,0.0,2756.0
112,action_server,1733802243,0.0,2756.0
112,action_server,1733802243,6.7,2756.0
112,action_server,1733802244,0.0,2756.0
112,action_server,1733802244,0.0,2756.0
112,action_server,1733802245,0.0,2756.0
112,action_server,1733802245,0.0,2756.0
112,action_server,1733802246,0.0,2756.0
112,action_server,1733802247,0.0,2756.0
112,action_server,1733802247,0.0,2756.0
112,action_server,1733802248,0.0,2756.0
112,action_server,1733802248,0.0,2756.0
112,action_server,1733802249,0.0,2756.0
112,action_server,1733802249,0.0,2756.0
112,action_server,1733802250,0.0,2756.0
112,action_server,1733802250,6.2,2756.0
112,action_server,1733802251,0.0,2756.0
112,action_server,1733802251,0.0,2756.0
112,action_server,1733802252,0.0,2756.0
112,action_server,1733802252,0.0,2756.0
112,action_server,1733802253,0.0,2756.0
112,action_server,1733802253,0.0,2756.0
112,action_server,1733802254,0.0,2756.0
112,action_server,1733802254,0.0,2756.0
112,action_server,1733802255,0.0,2756.0
112,action_server,1733802255,0.0,2756.0
112,action_server,1733802256,0.0,2756.0
112,action_server,1733802256,0.0,2756.0
112,action_server,1733802257,6.7,2756.0
112,action_server,1733802257,0.0,2756.0
112,action_server,1733802258,0.0,2756.0
112,action_server,1733802259,0.0,2756.0
112,action_server,1733802259,0.0,2756.0
112,action_server,1733802260,0.0,2756.0
112,action_server,1733802260,0.0,2756.0
112,action_server,1733802261,0.0,2756.0
112,action_server,1733802261,0.0,2756.0
112,action_server,1733802262,0.0,2756.0
112,action_server,1733802262,0.0,2756.0
112,action_server,1733802263,0.0,2756.0
112,action_server,1733802263,6.2,2756.0
112,action_server,1733802264,6.2,2756.0
112,action_server,1733802264,0.0,2756.0
112,action_server,1733802265,0.0,2756.0
112,action_server,1733802265,0.0,2756.0
112,action_server,1733802266,0.0,2756.0
112,action_server,1733802266,0.0,2756.0
112,action_server,1733802267,0.0,2756.0
112,action_server,1733802267,0.0,2756.0
112,action_server,1733802268,0.0,2756.0
112,action_server,1733802268,0.0,2756.0
112,action_server,1733802269,0.0,2756.0
112,action_server,1733802270,0.0,2756.0
112,action_server,1733802270,0.0,2756.0
112,action_server,1733802271,0.0,2756.0
112,action_server,1733802271,0.0,2756.0
112,action_server,1733802272,0.0,2756.0
112,action_server,1733802272,6.7,2756.0
112,action_server,1733802273,0.0,2756.0
112,action_server,1733802273,0.0,2756.0
112,action_server,1733802274,0.0,2756.0
112,action_server,1733802274,0.0,2756.0
112,action_server,1733802275,0.0,2756.0
112,action_server,1733802275,0.0,2756.0
112,action_server,1733802276,0.0,2756.0
112,action_server,1733802276,0.0,2756.0
112,action_server,1733802277,0.0,2756.0
112,action_server,1733802277,0.0,2756.0
112,action_server,1733802278,6.2,2756.0
112,action_server,1733802278,0.0,2756.0
112,action_server,1733802279,0.0,2756.0
112,action_server,1733802279,0.0,2756.0
112,action_server,1733802280,0.0,2756.0
112,action_server,1733802280,0.0,2756.0
112,action_server,1733802281,0.0,2756.0
112,action_server,1733802282,0.0,2756.0
112,action_server,1733802282,0.0,2756.0
112,action_server,1733802283,6.2,2756.0
112,action_server,1733802283,0.0,2756.0
112,action_server,1733802284,0.0,2756.0
112,action_server,1733802284,0.0,2756.0
112,action_server,1733802285,6.2,2756.0
112,action_server,1733802285,0.0,2756.0
112,action_server,1733802286,0.0,2756.0
112,action_server,1733802286,0.0,2756.0
112,action_server,1733802287,0.0,2756.0
112,action_server,1733802287,0.0,2756.0
112,action_server,1733802288,0.0,2756.0
112,action_server,1733802288,0.0,2756.0
112,action_server,1733802289,0.0,2756.0
112,action_server,1733802289,0.0,2756.0
112,action_server,1733802290,0.0,2756.0
112,action_server,1733802290,0.0,2756.0
112,action_server,1733802291,0.0,2756.0
112,action_server,1733802291,0.0,2756.0
112,action_server,1733802292,0.0,2756.0
112,action_server,1733802293,0.0,2756.0
112,action_server,1733802293,0.0,2756.0
112,action_server,1733802294,0.0,2756.0
112,action_server,1733802294,0.0,2756.0
112,action_server,1733802295,0.0,2756.0
112,action_server,1733802295,0.0,2756.0
112,action_server,1733802296,0.0,2756.0
112,action_server,1733802296,0.0,2756.0
112,action_server,1733802297,0.0,2756.0
112,action_server,1733802297,0.0,2756.0
112,action_server,1733802298,0.0,2756.0
112,action_server,1733802298,0.0,2756.0
112,action_server,1733802299,0.0,2756.0
112,action_server,1733802299,0.0,2756.0
112,action_server,1733802300,0.0,0.0
112,action_server,1733802300,0.0,0.0
112,action_server,1733802301,0.0,0.0
112,action_server,1733802301,0.0,0.0
112,action_server,1733802302,0.0,0.0
112,action_server,1733802302,0.0,0.0
112,action_server,1733802303,0.0,0.0
112,action_server,1733802304,0.0,0.0
112,action_server,1733802304,0.0,0.0
112,action_server,1733802305,0.0,0.0
112,action_server,1733802305,0.0,0.0
112,action_server,1733802306,0.0,0.0
112,action_server,1733802306,0.0,0.0
112,action_server,1733802307,0.0,0.0
112,action_server,1733802307,0.0,0.0
