label,timestamp,duration,pkg,dram,socket
linear_cpp,1696637922.8824863,7744133.948,128480873.0,8182657.0,0
linear_cpp,1696637932.448694,7730065.692,129234471.0,7771342.0,0
linear_cpp,1696637942.0348818,7739372.391,107105988.0,6730207.0,0
linear_cpp,1696637951.708833,7736205.732,120095335.0,7468304.0,0
linear_cpp,1696637961.2072515,7734723.59,105580967.0,6441878.0,0
linear_cpp,1696637970.782204,7728482.619,112157977.0,6449446.0,0
linear_cpp,1696637980.4059584,7746578.486,115706247.0,8221475.0,0
linear_cpp,1696637989.9857113,7753968.236,103467447.0,7189496.0,0
linear_cpp,1696637999.531048,7737262.148,90209485.0,6776717.0,0
linear_cpp,1696638009.1246517,7745533.347,108411405.0,6869977.0,0
linear_cpp,1696638018.715456,7746119.8,116359688.0,7232525.0,0
linear_cpp,1696638028.2922547,8071331.935,109013820.0,7076520.0,0
linear_cpp,1696638037.8766491,7737704.925,103475687.0,7465007.0,0
linear_cpp,1696638047.479545,7742681.526,108418973.0,9191932.0,0
linear_cpp,1696638057.0548728,7730386.826,106261630.0,7483929.0,0
linear_cpp,1696638066.6500537,7741837.472,113385635.0,9916967.0,0
linear_cpp,1696638076.254116,7737316.038,89706680.0,6781171.0,0
linear_cpp,1696638085.8132203,7734754.32,91204784.0,6938398.0,0
linear_cpp,1696638095.3935747,7737258.688,103496440.0,6853864.0,0
linear_cpp,1696638105.0756981,7754711.682,76610705.0,8428140.0,0
linear_cpp,1696638114.5837862,7730506.234,107032440.0,6719588.0,0
linear_cpp,1696638124.176497,7746806.968,105238989.0,6852033.0,0
linear_cpp,1696638133.770264,7744759.145,89228653.0,6849836.0,0
linear_cpp,1696638143.3371022,7739964.668,104276039.0,6880292.0,0
linear_cpp,1696638152.9275367,7747896.507,92353279.0,6852339.0,0
linear_cpp,1696638162.5086348,7747301.966,138237928.0,9756627.0,0
linear_cpp,1696638172.4370453,7801988.076,145561578.0,9965856.0,0
linear_cpp,1696638182.1137404,7857134.415,90595716.0,6852339.0,0
linear_cpp,1696638192.302894,7761848.076,109174648.0,7249615.0,0
linear_cpp,1696638201.8809469,7737925.381,103557901.0,7286785.0,0
linear_cpp,1696638211.5565853,7761896.238,107298004.0,7920939.0,0
linear_cpp,1696638221.0911286,7753797.329,98753776.0,8525552.0,0
linear_cpp,1696638230.6356308,7730391.643,100115406.0,7091718.0,0
linear_cpp,1696638240.2118537,7731742.223,104593970.0,7404217.0,0
linear_cpp,1696638249.8223538,7740266.902,105763951.0,7110272.0,0
linear_cpp,1696638259.3984168,7744290.029,94487795.0,6704328.0,0
linear_cpp,1696638268.9879436,7743155.857,109397791.0,7321637.0,0
linear_cpp,1696638278.5795746,7730817.861,91211559.0,6496382.0,0
linear_cpp,1696638288.1384685,7885050.345,105051062.0,6717329.0,0
linear_cpp,1696638297.746173,7744190.411,100184619.0,6668989.0,0
linear_cpp,1696638307.3235967,7743216.24,90709424.0,6695479.0,0
linear_cpp,1696638316.9203498,7746193.749,116595832.0,7058332.0,0
linear_cpp,1696638326.496456,7742744.009,81336645.0,6642745.0,0
linear_cpp,1696638336.0717058,7757471.527,96444151.0,6747724.0,0
linear_cpp,1696638345.917963,7752478.341,105754734.0,6814008.0,0
linear_cpp,1696638355.2575588,7744767.995,103998207.0,6617537.0,0
linear_cpp,1696638364.83841,7746234.381,89748794.0,6734358.0,0
linear_cpp,1696638374.437745,8741705.927,112820695.0,7323468.0,0
linear_cpp,1696638385.4506009,7747427.617,104245765.0,6784529.0,0
linear_cpp,1696638395.0207105,7756248.591,105134313.0,6724775.0,0
linear_cpp,1696638404.5986547,7745050.465,121452814.0,7216900.0,0
linear_cpp,1696638414.1772606,7735156.376,107684661.0,6468856.0,0
linear_cpp,1696638423.7394843,7737103.112,89130203.0,6112899.0,0
linear_cpp,1696638433.3339057,7738962.292,101910323.0,6441390.0,0
linear_cpp,1696638442.9289014,7732522.691,96213560.0,7347088.0,0
linear_cpp,1696638452.5877948,7749182.094,92795172.0,7893718.0,0
linear_cpp,1696638462.4029195,7746189.087,104150918.0,6962446.0,0
linear_cpp,1696638471.752356,7777398.469,99450612.0,6868573.0,0
linear_cpp,1696638481.3422933,7747836.493,101041184.0,8512124.0,0
linear_cpp,1696638490.9326255,7735979.363,110147484.0,7326947.0,0
linear_cpp,1696638500.5086906,7745271.254,95963804.0,7229351.0,0
linear_cpp,1696638510.1090546,8080906.757,102727093.0,6914472.0,0
linear_cpp,1696638519.6943972,7755787.779,102340925.0,6726118.0,0
linear_cpp,1696638529.2743819,7752683.135,100347216.0,7405803.0,0
linear_cpp,1696638538.8784273,7744798.47,102012496.0,6664961.0,0
linear_cpp,1696638548.4649217,7746825.368,89462173.0,6788069.0,0
linear_cpp,1696638558.034188,8079392.855,107916655.0,6855330.0,0
linear_cpp,1696638567.6349816,7748202.238,103872110.0,6668623.0,0
linear_cpp,1696638577.1965344,7749615.584,89907912.0,6795149.0,0
linear_cpp,1696638586.8050425,7758583.901,102102095.0,7656474.0,0
linear_cpp,1696638596.3859282,8080044.553,104959021.0,8120768.0,0
linear_cpp,1696638605.9967713,7746940.022,104776038.0,6983014.0,0
linear_cpp,1696638615.5530198,7746060.442,89426102.0,6558699.0,0
linear_cpp,1696638625.1316094,7742551.606,100028980.0,6479414.0,0
linear_cpp,1696638634.7342193,7743910.769,105696873.0,6401778.0,0
linear_cpp,1696638644.3242006,7742258.941,113540603.0,7157574.0,0
linear_cpp,1696638653.902347,7754551.072,97034297.0,6462569.0,0
linear_cpp,1696638663.483057,7746517.039,105366552.0,6745588.0,0
linear_cpp,1696638673.0627427,8075946.87,106270236.0,8301065.0,0
linear_cpp,1696638682.6945255,7750189.288,91059033.0,6469039.0,0
linear_cpp,1696638692.2329566,7751303.728,107362885.0,6499678.0,0
linear_cpp,1696638701.822208,7750136.5,90055250.0,6525008.0,0
linear_cpp,1696638711.4063218,7753975.04,108681790.0,6507917.0,0
linear_cpp,1696638720.9979148,7762807.811,88094379.0,6556868.0,0
linear_cpp,1696638730.5829332,7754394.888,106194064.0,6508406.0,0
linear_cpp,1696638740.1601129,7746859.298,106657442.0,6478438.0,0
linear_cpp,1696638749.759161,7748206.956,102008650.0,7024274.0,0
linear_cpp,1696638759.323976,7748914.819,97309809.0,6658431.0,0
linear_cpp,1696638768.9145675,7748791.907,87446675.0,6547225.0,0
linear_cpp,1696638778.5007155,7753779.345,99101187.0,6441390.0,0
linear_cpp,1696638788.088221,8079144.12,119380310.0,7017926.0,0
linear_cpp,1696638797.6681325,7749496.89,108662686.0,6672346.0,0
linear_cpp,1696638807.2531223,7753463.207,84819241.0,6511702.0,0
linear_cpp,1696638816.8441584,7745956.326,104555213.0,6660383.0,0
linear_cpp,1696638826.420527,7744001.731,91150401.0,6544051.0,0
linear_cpp,1696638836.0148401,7776155.508,104240822.0,6701521.0,0
linear_cpp,1696638845.606559,7746900.299,100305347.0,6674848.0,0
linear_cpp,1696638855.179109,8083790.709,104781409.0,6748884.0,0
linear_cpp,1696638864.7680888,7753800.09,98167534.0,6496687.0,0
linear_cpp,1696638874.3415735,7752008.784,86385704.0,6529647.0,0
linear_py,1696639069.8932357,7960518.078,161233535.0,8584267.0,0
linear_py,1696639079.4805074,7949139.987,100122669.0,6892073.0,0
linear_py,1696639089.0431988,7926528.111,89031266.0,6466780.0,0
linear_py,1696639098.6546612,7935372.141,90780285.0,6908002.0,0
linear_py,1696639108.2445843,7926635.745,98588859.0,7181989.0,0
linear_py,1696639117.841124,7922591.997,96436765.0,7411236.0,0
linear_py,1696639127.412587,7932687.517,99818898.0,6994855.0,0
linear_py,1696639137.0184762,7940017.265,92328255.0,6680525.0,0
linear_py,1696639146.6156285,7922583.625,98770744.0,6463973.0,0
linear_py,1696639156.1941497,7923968.378,88301043.0,6274459.0,0
linear_py,1696639165.8117483,7915786.774,97827325.0,6561263.0,0
linear_py,1696639175.377723,7935320.562,95226441.0,6682600.0,0
linear_py,1696639184.9675758,7913562.802,95077882.0,6465254.0,0
linear_py,1696639194.5507717,7917686.149,102244795.0,6961286.0,0
linear_py,1696639204.1563284,7926815.315,91282908.0,6502852.0,0
linear_py,1696639213.7732737,7923997.677,89851698.0,6413680.0,0
linear_py,1696639223.331963,7918891.315,92181649.0,6221237.0,0
linear_py,1696639232.9251668,7923470.159,94575380.0,6397750.0,0
linear_py,1696639242.5202093,7925606.697,100467333.0,6696333.0,0
linear_py,1696639252.1151755,7949922.328,91111034.0,6465865.0,0
linear_py,1696639261.7147794,7922008.563,87755390.0,6646162.0,0
linear_py,1696639271.2950523,7913921.286,97373836.0,6540266.0,0
linear_py,1696639280.8930607,7926986.346,94160647.0,6592818.0,0
linear_py,1696639290.488823,7912861.493,89035295.0,6362898.0,0
linear_py,1696639300.0732384,7926479.816,88399920.0,6521894.0,0
linear_py,1696639309.6687033,7914182.04,95643981.0,6862715.0,0
linear_py,1696639319.265559,7929868.765,100096851.0,6605513.0,0
linear_py,1696639328.8652537,7920044.1,100404589.0,6812299.0,0
linear_py,1696639338.449028,7933233.284,94045963.0,6568770.0,0
linear_py,1696639348.040204,7928520.565,65164323.0,6916425.0,0
linear_py,1696639357.6457574,7933189.192,96856075.0,6281905.0,0
linear_py,1696639367.2437472,7938225.684,93314153.0,6687666.0,0
linear_py,1696639376.8351414,7920751.331,99372609.0,6786176.0,0
linear_py,1696639386.4394789,7930587.674,105548985.0,7056683.0,0
linear_py,1696639396.1207135,7927141.888,129128881.0,8570840.0,0
linear_py,1696639405.6335514,7915293.592,85590357.0,6112350.0,0
linear_py,1696639415.204437,7920298.823,97539667.0,6525802.0,0
linear_py,1696639424.8073606,7908214.784,98017083.0,6423750.0,0
linear_py,1696639434.3816087,7907331.681,95072877.0,6450239.0,0
linear_py,1696639443.9719477,7904199.295,94259280.0,5941696.0,0
linear_py,1696639453.5660796,7906011.654,92134347.0,6330367.0,0
linear_py,1696639463.1486788,7915453.24,88043415.0,5927170.0,0
linear_py,1696639472.7432766,7903572.349,96319273.0,6159714.0,0
linear_py,1696639482.3367286,7907930.392,92316292.0,6490340.0,0
linear_py,1696639491.9314156,7904949.221,90290541.0,6298507.0,0
linear_py,1696639501.5474164,7907034.823,107247284.0,7748943.0,0
linear_py,1696639511.1272643,7945662.447,94552065.0,6834699.0,0
linear_py,1696639520.725592,7946075.53,102860027.0,9129189.0,0
linear_py,1696639530.3272383,7951036.371,107740386.0,7401348.0,0
linear_py,1696639539.8980577,7930470.816,92294624.0,6782941.0,0
linear_py,1696639549.538343,7963277.989,109386256.0,6794050.0,0
linear_py,1696639559.0977376,7926162.611,91960152.0,6928266.0,0
linear_py,1696639568.6764255,7947773.41,111211141.0,7463971.0,0
linear_py,1696639578.2764852,7921781.955,91996408.0,7051496.0,0
linear_py,1696639587.8576968,7927290.401,112138995.0,8071695.0,0
linear_py,1696639597.531002,7957925.94,116183845.0,8728310.0,0
linear_py,1696639607.0748103,7926116.59,89273331.0,6673994.0,0
linear_py,1696639616.6536372,7921658.481,93815616.0,6646895.0,0
linear_py,1696639626.2369459,7926932.154,93768925.0,6927350.0,0
linear_py,1696639635.8378599,7937825.915,99179250.0,6881818.0,0
linear_py,1696639645.430588,7924694.371,92958990.0,6652998.0,0
linear_py,1696639655.0153868,7925417.931,84510098.0,6609724.0,0
linear_py,1696639664.6081643,7921028.551,94159732.0,6770186.0,0
linear_py,1696639674.2116246,7925112.415,105132483.0,6963605.0,0
linear_py,1696639683.9113762,8006336.6,123827320.0,9598242.0,0
linear_py,1696639693.430502,7948982.211,87382345.0,6555831.0,0
linear_py,1696639703.0167053,7926683.621,88473712.0,6481063.0,0
linear_py,1696639712.5896997,7927573.408,87380941.0,6474654.0,0
linear_py,1696639722.1792376,7938862.995,77934798.0,6388655.0,0
linear_py,1696639731.7674167,7936029.744,94887879.0,6378463.0,0
linear_py,1696639741.359533,7975500.369,65321244.0,6882246.0,0
linear_cpp,1696640035.7612255,7746538.188,127480753.0,7083844.0,0
linear_cpp,1696640045.3286555,7759297.41,104982641.0,7061872.0,0
linear_cpp,1696640054.9432082,6752246.461,114201185.0,7556682.0,0
linear_cpp1,1696640133.8396435,7757437.95,124961777.0,7535259.0,0
linear_cpp1,1696640143.3557713,7729527.555,91162731.0,5748582.0,0
linear_cpp1,1696640152.929054,7726005.453,86263207.0,5714158.0,0
linear_cpp1,1696640162.5052972,7728943.379,103669961.0,5966049.0,0
linear_cpp1,1696640172.086391,7728265.139,128076149.0,8732766.0,0
linear_cpp1,1696640181.6732748,7742147.086,115163340.0,7338543.0,0
linear_cpp1,1696640191.3026733,3763909.301,38661949.0,3166191.0,0
linear_cpp1,1696640213.4229474,9558817.901,115426218.0,8142435.0,0
linear_cpp1,1696640225.1639957,7730758.74,101409286.0,6141769.0,0
linear_cpp1,1696640234.7394404,7729102.268,133140467.0,8301859.0,0
linear_cpp1,1696640244.3168275,7726882.037,119305908.0,7812968.0,0
linear_cpp1,1696640253.9159997,7730975.429,92708686.0,6154282.0,0
linear_cpp1,1696640263.5170023,7753070.881,104239540.0,6864057.0,0
linear_cpp1,1696640273.0471823,7735527.137,78385114.0,6073043.0,0
linear_cpp1,1696640282.636221,7732666.174,80640418.0,6127731.0,0
linear_cpp1,1696640292.2078629,7728993.744,66208510.0,5555589.0,0
linear_cpp1,1696640301.81798,7521617.377,75374318.0,5642259.0,0
linear_cpp1,1696640311.3567338,7724833.616,83191315.0,6228499.0,0
linear_cpp1,1696640320.9510286,7728166.998,97169185.0,7414105.0,0
linear_cpp1,1696640330.5034962,7731099.222,94556581.0,7130109.0,0
linear_cpp1,1696640340.0884745,7728427.623,85463954.0,7198223.0,0
linear_cpp1,1696640349.6711693,7734301.724,74736197.0,6113205.0,0
linear_cpp1,1696640359.264403,7736274.937,67777292.0,5628648.0,0
linear_cpp1,1696640368.8129053,7729433.692,67522898.0,5591905.0,0
linear_cpp1,1696640378.379947,7731009.606,68443489.0,5606736.0,0
linear_cpp1,1696640387.9571445,7725654.594,67417491.0,5387559.0,0
linear_cpp1,1696640397.5290012,7722942.87,71111512.0,5804611.0,0
linear_cpp1,1696640407.1301904,7729991.65,67141124.0,5356615.0,0
linear_cpp1,1696640416.6834304,7729680.966,62286889.0,5145616.0,0
linear_cpp1,1696640426.285046,7728266.616,86119897.0,6123580.0,0
linear_cpp1,1696640435.8385866,7726641.173,95152344.0,7602337.0,0
linear_cpp1,1696640445.5093038,7770252.377,85865625.0,8140665.0,0
linear_cpp1,1696640455.0879414,7757416.856,101754561.0,8589578.0,0
linear_cpp1,1696640464.5859034,7732886.587,100088672.0,8316507.0,0
linear_cpp1,1696640474.182276,7732512.271,94533694.0,8529581.0,0
linear_cpp1,1696640483.7402577,7753341.559,96106932.0,8325662.0,0
linear_cpp1,1696640493.280098,7726106.458,75807972.0,6457992.0,0
linear_cpp1,1696640502.8609324,7725278.542,70464175.0,5712876.0,0
linear_cpp1,1696640512.4320557,7726709.527,65409805.0,5343737.0,0
linear_cpp1,1696640522.0011842,7727542.261,66751172.0,5351183.0,0
linear_cpp1,1696640531.5742853,7724842.747,64513934.0,5335740.0,0
linear_cpp1,1696640541.1492465,7725506.014,64935137.0,5327807.0,0
linear_cpp1,1696640804.6468184,7746239.75,117310735.0,6354903.0,0
linear_cpp1,1696640814.155261,7732116.323,106074069.0,6154830.0,0
linear_cpp1,1696640823.72779,7727952.694,107261994.0,6087142.0,0
linear_cpp1,1696640833.3059587,7728923.508,90380384.0,5847397.0,0
linear_cpp1,1696640842.907062,7727305.192,102065962.0,5965622.0,0
linear_cpp1,1696640852.466969,3736573.123,43965220.0,3233207.0,0
linear_cpp1,1696641006.9485307,8240197.391,108877529.0,6425276.0,0
linear_cpp1,1696641017.4565558,8227109.949,111852374.0,6651228.0,0
linear_cpp1,1696641028.030616,8228743.49,103237101.0,5868576.0,0
linear_cpp1,1696641038.6057367,8231305.7,102500287.0,5812424.0,0
linear_cpp1,1696641049.2013392,8228965.857,120508968.0,7090497.0,0
linear_cpp1,1696641059.762107,8229413.77,104184243.0,6264632.0,0
linear_cpp1,1696641070.3522317,8233756.567,85718714.0,6178451.0,0
linear_cpp1,1696641080.9311156,8233455.986,112401812.0,7144513.0,0
linear_cpp1,1696641091.4939992,8228846.786,112944535.0,6831526.0,0
linear_cpp1,1696641102.0706186,8231976.596,113544875.0,6684614.0,0
linear_cpp1,1696641112.6437802,8227453.036,100418017.0,6825239.0,0
linear_cpp1,1696641123.2192369,8227174.484,106062228.0,6978010.0,0
linear_cpp1,1696641133.7979043,8228097.837,116031868.0,7408001.0,0
linear_cpp1,1696641144.3929284,8259759.611,111279561.0,8826759.0,0
linear_cpp1,1696641154.9514391,8228434.182,92732978.0,6467329.0,0
linear_cpp1,1696641165.5323255,8231539.469,127352396.0,8218790.0,0
linear_cpp1,1696641176.1176383,8235032.819,115183299.0,7961406.0,0
linear_cpp1,1696641186.7385259,8230378.082,114414624.0,8898598.0,0
linear_cpp1,1696641197.275221,798233.961,3681204.0,663146.0,0
linear_cpp1,1696641288.224168,8244786.876,108400541.0,6642439.0,0
linear_cpp1,1696641298.7771785,8228578.038,104318153.0,6215744.0,0
linear_cpp1,1696641309.421192,8239177.237,125003953.0,8163797.0,0
linear_cpp1,1696641319.921667,8226237.303,112549517.0,7852336.0,0
linear_cpp1,1696641330.4896922,8228999.386,117112188.0,8123636.0,0
linear_cpp1,1696641341.0697494,8586800.164,129731541.0,8906776.0,0
linear_cpp1,1696641351.6659288,8234361.034,117952762.0,8247842.0,0
linear_cpp1,1696641362.2227871,8265155.667,111664570.0,7680889.0,0
linear_cpp1,1696641372.7928042,8227620.136,99515431.0,6047653.0,0
linear_cpp1,1696641383.3742812,8227749.25,105678928.0,7296673.0,0
linear_cpp1,1696641393.9634118,8231820.03,127163126.0,8082255.0,0
linear_cpp1,1696641404.5222642,8225256.814,100810167.0,6737409.0,0
linear_cpp1,1696641415.100018,8223671.674,118729555.0,7483624.0,0
linear_cpp1,1696641425.6754882,8230188.982,114459058.0,7336468.0,0
linear_cpp1,1696641436.2581441,8232075.261,100537096.0,6983991.0,0
linear_cpp1,1696641446.8330226,8228874.259,114356214.0,7654643.0,0
linear_cpp1,1696641457.4197094,8232895.308,104007546.0,7640605.0,0
linear_cpp1,1696641467.9828823,8227442.846,109577906.0,7833598.0,0
linear_cpp1,1696641478.5671222,8227364.194,105623631.0,7412518.0,0
linear_cpp1,1696641489.13776,8229341.963,111440328.0,7214581.0,0
linear_cpp1,1696641499.7140675,8228096.968,104731177.0,7017011.0,0
linear_cpp1,1696641510.2875936,8232246.743,109831445.0,7239728.0,0
linear_cpp1,1696641520.8784459,8231407.83,111201680.0,7400188.0,0
linear_cpp1,1696641531.4858854,8235457.558,109741846.0,7729289.0,0
linear_cpp1,1696641542.0265958,8242430.623,101575606.0,7089703.0,0
linear_cpp1,1696641552.5911343,8229415.426,119259216.0,7696086.0,0
linear_cpp1,1696641563.1924562,8236180.254,115753793.0,7863200.0,0
linear_cpp1,1696641573.7783313,8244678.251,110479087.0,7677349.0,0
linear_cpp1,1696641584.3188806,8228300.645,96530209.0,6489547.0,0
linear_cpp1,1696641594.894761,8226488.859,98653373.0,6507979.0,0
linear_cpp1,1696641605.4690447,8227705.829,105595432.0,6537032.0,0
linear_cpp1,1696641616.045696,8227123.414,107058503.0,7652264.0,0
linear_cpp1,1696641626.6413898,8223653.291,109192714.0,7287823.0,0
linear_cpp1,1696641637.2302556,8233450.135,102246442.0,6983442.0,0
linear_cpp1,1696641647.7982836,8231225.848,119628173.0,7903422.0,0
linear_cpp1,1696641658.38077,8226323.58,110912192.0,7354839.0,0
linear_cpp1,1696641668.9489176,8236169.666,124154528.0,7754558.0,0
linear_cpp1,1696641679.523215,8225827.192,106181735.0,7064007.0,0
linear_cpp1,1696641690.1148062,8230416.467,103646280.0,7602459.0,0
linear_cpp1,1696641700.6792777,8227828.302,103150615.0,6506392.0,0
linear_cpp1,1696641711.270128,8229718.223,103314127.0,7252361.0,0
linear_cpp1,1696641721.828183,8228183.698,108564420.0,7269757.0,0
linear_cpp1,1696641732.41257,8232993.564,105580601.0,7369488.0,0
linear_cpp1,1696641742.9832275,8226755.106,107866728.0,6900922.0,0
linear_cpp1,1696641753.583009,8234993.927,110847677.0,7972575.0,0
linear_cpp1,1696641764.1445036,8239260.622,100864977.0,6566817.0,0
linear_cpp1,1696641774.7461152,8229151.081,87382405.0,6982282.0,0
linear_cpp1,1696641785.3265936,8227553.315,99058645.0,6754316.0,0
linear_cpp1,1696641795.865322,8228878.422,105398900.0,7124859.0,0
linear_cpp1,1696641806.4449658,8230432.124,110931845.0,7134992.0,0
linear_cpp1,1696641817.0702577,8240072.142,110603660.0,8322489.0,0
linear_cpp1,1696641827.6158285,8227449.798,109621302.0,7594768.0,0
linear_cpp1,1696641838.1905363,8230408.944,117534489.0,8418863.0,0
linear_cpp1,1696641848.747992,8241336.63,108258390.0,7042219.0,0
linear_cpp1,1696641859.3260233,8228118.341,102173017.0,6513594.0,0
linear_cpp1,1696641869.9010954,8238424.63,96720089.0,6839643.0,0
linear_cpp1,1696641880.5261173,8253107.11,108066374.0,7984172.0,0
linear_cpp1,1696641891.0601635,8228712.72,115333933.0,7164899.0,0
linear_cpp1,1696641901.6339245,8227427.231,104904822.0,7555156.0,0
linear_cpp1,1696641912.2156403,8227428.928,107442535.0,6909955.0,0
linear_cpp1,1696641922.7848425,8227026.491,115320261.0,6755598.0,0
linear_cpp1,1696641933.3607266,8228272.099,104210549.0,7001020.0,0
linear_cpp1,1696641943.937498,8228967.038,98822562.0,7265546.0,0
linear_cpp1,1696641954.5346677,8241761.298,125302109.0,8945777.0,0
linear_cpp1,1696641965.0918877,8227493.301,101557540.0,7037945.0,0
linear_cpp1,1696641975.6674361,8227288.029,80904883.0,5749864.0,0
linear_cpp1,1696641986.2402248,8563408.671,98503227.0,6740461.0,0
linear_cpp1,1696641996.8145065,8227581.321,102376447.0,6514387.0,0
linear_cpp1,1696642007.3915074,8227162.444,96320493.0,6520369.0,0
linear_cpp1,1696642017.9683692,8227469.573,101406112.0,6545271.0,0
linear_cpp1,1696642028.5422974,8229203.9,96914974.0,6511641.0,0
linear_cpp1,1696642039.120316,8230159.319,106222628.0,6505598.0,0
linear_cpp1,1696642049.6982708,8228987.095,97469416.0,6516158.0,0
linear_cpp1,1696642060.275811,8226732.173,112459612.0,6488692.0,0
linear_cpp1,1696642070.8505642,8228289.738,92557258.0,6527998.0,0
linear_cpp1,1696642081.4263568,8225768.683,110859396.0,6665083.0,0
linear_cpp1,1696642092.0022326,8228282.829,102271894.0,6505782.0,0
linear_cpp1,1696642102.5794613,8226502.103,97574213.0,6491439.0,0
linear_cpp1,1696642113.1559775,8229094.947,104043740.0,6569258.0,0
linear_cpp1,1696642123.7320778,8227191.975,109494165.0,6509871.0,0
linear_cpp1,1696642134.3068724,8562473.602,110700339.0,6841413.0,0
linear_cpp1,1696642144.884691,8225188.518,102001509.0,6487655.0,0
linear_cpp1,1696642155.4628892,8226440.773,99210440.0,6520308.0,0
linear_cpp1,1696642166.040475,8228202.362,94260440.0,6300459.0,0
linear_cpp1,1696642176.61233,8227592.67,108888820.0,6495467.0,0
linear_cpp1,1696642186.1977913,8230602.043,87759602.0,5969834.0,0
linear_cpp1,1696642196.7677896,8227104.741,100783861.0,6536482.0,0
linear_cpp1,1696642207.343653,8227029.717,102326521.0,6486068.0,0
linear_cpp1,1696642217.9209342,8225899.282,108660794.0,6499434.0,0
linear_cpp1,1696642228.495513,8228950.911,87967304.0,6500472.0,0
linear_cpp1,1696642239.071608,8225181.296,104864416.0,6519515.0,0
linear_cpp1,1696642249.6874082,8225919.621,106604036.0,6535689.0,0
linear_cpp1,1696642260.2297552,8228871.124,104982458.0,8259927.0,0
linear_cpp1,1696642270.8238301,8233532.675,98965872.0,5216600.0,0
linear_cpp1,1696642281.3837729,8229705.466,100780748.0,2871330.0,0
linear_cpp1,1696642291.965717,8229584.042,94177920.0,2809746.0,0
linear_cpp1,1696642302.5409815,8228152.247,97596918.0,2815727.0,0
linear_cpp1,1696642313.1172447,8229037.361,100953843.0,2822502.0,0
linear_cpp1,1696642323.6971393,8229263.057,101044602.0,2822137.0,0
linear_cpp1,1696642334.2758374,8229180.548,91406260.0,2792534.0,0
linear_cpp2,1696681508.9832819,8289602.424,81134985.0,6915449.0,0
linear_cpp2,1696681518.9040182,8227507.158,79038128.0,6662214.0,0
linear_cpp2,1696681528.9044716,7402762.008,98368339.0,8654885.0,0
linear_cpp2,1696681563.452151,8203847.072,67416331.0,5662766.0,0
linear_cpp2,1696681573.4643097,8203627.012,79783487.0,6707868.0,0
linear_cpp2,1696681583.4830997,8205239.013,83184236.0,6755659.0,0
linear_cpp2,1696681593.5320234,7234945.304,91947092.0,7316998.0,0
linear_cpp2,1696681666.5834007,8208418.324,70142582.0,5923507.0,0
linear_cpp2,1696681676.600071,8208522.943,73872369.0,6069321.0,0
linear_cpp2,1696681686.6420486,8207549.021,69502813.0,5803146.0,0
linear_cpp2,1696681696.6510599,7210310.159,78850445.0,6315352.0,0
linear_py2,1696681793.9794996,8412022.472,94977235.0,8468667.0,0
linear_py2,1696681804.0784369,8401768.365,70336551.0,6126693.0,0
linear_py2,1696681814.0668368,8467886.583,72726926.0,6201339.0,0
linear_py2,1696681824.0913992,8429105.862,72454588.0,6285751.0,0
linear_py2,1696681834.1110792,8419120.036,72726132.0,6240890.0,0
linear_py2,1696681844.1326323,8418464.732,77519944.0,6366134.0,0
linear_py2,1696681854.1555367,8420902.611,83038972.0,6586959.0,0
linear_py2,1696681864.1826162,8414014.406,75124380.0,6301376.0,0
linear_py2,1696681874.202935,8410319.926,78566877.0,6299422.0,0
linear_py2,1696681884.257352,8404076.105,77896285.0,6298934.0,0
linear_py2,1696681894.2529624,8403688.472,75067313.0,6224105.0,0
linear_py2,1696681904.2780387,8401296.891,73978754.0,6204391.0,0
linear_py2,1696681914.3055325,8406379.207,77096726.0,6361983.0,0
linear_py2,1696681924.3395133,8414813.521,88576190.0,7702312.0,0
linear_py2,1696681934.4119134,8442843.179,89994826.0,7811747.0,0
linear_py2,1696681944.4066222,8459807.469,90782604.0,7617351.0,0
linear_py2,1696681954.4280922,8422206.808,93509221.0,8203837.0,0
linear_py2,1696681964.4844098,8421077.211,94119266.0,8122965.0,0
linear_py2,1696681974.4784899,8419390.025,85930322.0,7618815.0,0
linear_py2,1696681984.5076838,8454457.041,81943333.0,7114301.0,0
linear_py2,1696681994.5325341,8424725.957,89857558.0,7802348.0,0
linear_py2,1696682004.5918021,8444995.0,85182521.0,7555889.0,0
linear_py2,1696682014.5860891,8422894.704,89719680.0,7980327.0,0
linear_py2,1696682024.6271603,8431931.536,104199013.0,9528723.0,0
linear_py2,1696682034.660374,8450135.294,100420886.0,9327796.0,0
linear_py2,1696682044.6678739,8421414.422,74991507.0,6559431.0,0
linear_py2,1696682054.723374,8435542.503,103379740.0,9565650.0,0
linear_py2,1696682064.7430265,8436251.976,100457628.0,9399818.0,0
linear_py2,1696682074.7723048,8446471.924,103486491.0,9520056.0,0
linear_py2,1696682084.7797575,8422882.954,98417472.0,9097999.0,0
linear_py2,1696682094.8141015,8443443.629,98592826.0,9356727.0,0
linear_py2,1696682104.8348913,8431694.532,100357043.0,9563574.0,0
linear_py2,1696682114.8763626,8485961.037,98515617.0,9499549.0,0
linear_py2,1696682124.903955,8435859.057,107019196.0,9757910.0,0
linear_py2,1696682134.913287,8430753.702,102927898.0,9672399.0,0
linear_py2,1696682144.9362934,8430149.507,92253975.0,7708293.0,0
linear_py2,1696682154.961902,8436728.664,106271395.0,9754553.0,0
linear_py2,1696682165.0113864,8435021.909,101924666.0,9679053.0,0
linear_py2,1696682175.023561,8456493.909,103022502.0,9689306.0,0
linear_py2,1696682185.048989,8424725.951,98424675.0,9221656.0,0
linear_py2,1696682195.0551019,8408217.458,71522583.0,6183090.0,0
linear_py2,1696682205.0738893,8409060.04,69690923.0,6051986.0,0
linear_py2,1696682215.1510618,8412198.211,84620267.0,7671123.0,0
linear_py2,1696682225.127035,8409125.039,88294696.0,7081158.0,0
linear_py2,1696682235.1510959,8407526.491,82048008.0,6978864.0,0
linear_py2,1696682245.205237,8426949.646,71785949.0,6300887.0,0
linear_py2,1696682255.231777,8414821.054,102096357.0,7955485.0,0
linear_py2,1696682265.2282414,8409267.587,83940642.0,7180645.0,0
linear_py2,1696682275.2879996,8426179.133,98060051.0,8760903.0,0
linear_py2,1696682285.3152556,8433880.359,95628539.0,8514932.0,0
linear_py2,1696682295.3287742,8441766.701,93921940.0,8581155.0,0
linear_py2,1696682305.3684096,8431207.935,95081177.0,8626687.0,0
linear_py2,1696682315.4221559,8463955.88,116678779.0,10036473.0,0
linear_py2,1696682325.4165692,8432407.333,96044432.0,8703774.0,0
linear_py2,1696682335.448102,8429252.125,94073795.0,8517374.0,0
linear_py2,1696682345.472851,8429223.818,90715038.0,8381815.0,0
linear_py2,1696682355.4924228,8424199.091,103173564.0,9615210.0,0
linear_py2,1696682365.5267336,8438370.48,102187177.0,9907812.0,0
linear_py2,1696682375.5586448,8446327.775,99124441.0,9222083.0,0
linear_py2,1696682385.5822809,8409134.316,70728274.0,6169174.0,0
linear_py2,1696682395.5738919,8417607.634,78433698.0,6659224.0,0
linear_py2,1696682405.6550868,8448893.083,108020720.0,9836278.0,0
linear_py2,1696682415.6519594,8452539.02,106431551.0,9662329.0,0
linear_py2,1696682425.6686888,8474590.665,117705265.0,10575290.0,0
linear_py2,1696682435.7097337,8446716.411,102245710.0,9694860.0,0
linear_py2,1696682445.734799,8449369.601,118722658.0,10433750.0,0
linear_py2,1696682455.7666717,8431541.157,85352137.0,7259137.0,0
linear_py2,1696682465.759006,8416761.757,89189774.0,7655193.0,0
linear_py2,1696682475.8210323,8436224.81,96824642.0,8483315.0,0
linear_py2,1696682485.8583562,8436032.31,96126341.0,8649819.0,0
linear_py2,1696682495.863096,8421543.567,97839532.0,8779458.0,0
linear_py2,1696682505.861432,8402373.326,88948503.0,8281229.0,0
linear_py2,1696682515.890097,8416304.615,105418309.0,9494056.0,0
linear_py2,1696682525.9391837,8429550.048,73755548.0,6389327.0,0
linear_py2,1696682535.946886,8419435.044,98502250.0,8680398.0,0
linear_py2,1696682545.984541,8434561.881,107034455.0,9662695.0,0
linear_py2,1696682556.0261912,8437320.326,100175891.0,9537085.0,0
linear_py2,1696682566.0870802,8440108.602,101676131.0,9305579.0,0
linear_py2,1696682576.0794096,8475972.52,103102275.0,9555822.0,0
linear_py2,1696682586.0707924,8405836.171,69433172.0,6079392.0,0
linear_py2,1696682596.1080298,8419331.985,103415018.0,9542151.0,0
linear_py2,1696682606.147052,8433232.944,65402116.0,7606243.0,0
linear_py2,1696682616.1490133,8411068.913,99286611.0,9152015.0,0
linear_py2,1696682626.2099183,8440356.818,104325478.0,9642187.0,0
linear_py2,1696682636.2493057,8442325.456,98803030.0,9406287.0,0
linear_py2,1696682646.2556665,8432951.82,99985339.0,9255286.0,0
linear_py2,1696682656.3039854,8433073.827,97881647.0,8802041.0,0
linear_py2,1696682666.3322043,8426750.048,104198158.0,9472143.0,0
linear_py2,1696682676.3418443,8427856.768,92635017.0,9032814.0,0
linear_py2,1696682686.3447073,8408064.65,77355209.0,6843854.0,0
linear_py2,1696682696.36704,8414418.758,97813531.0,8668313.0,0
linear_py2,1696682706.447866,8433250.456,97268672.0,9759008.0,0
linear_py2,1696682716.4598978,8461034.798,93712773.0,8482095.0,0
linear_py2,1696682726.4473994,8421093.841,86378318.0,7634747.0,0
linear_py2,1696682736.5168293,8461803.045,69668096.0,8394022.0,0
linear_py2,1696682746.5158324,8419064.257,85904626.0,7151410.0,0
linear_py2,1696682756.541502,8411547.155,75090140.0,6612471.0,0
linear_py2,1696682766.5540347,8398583.429,71710693.0,6327377.0,0
linear_py2,1696682776.5726466,8408038.657,80261636.0,6897871.0,0
linear_py2,1696682786.6010582,8418109.094,83315582.0,7233502.0,0
linear_cpp2,1696683155.8361804,8209994.054,93353765.0,7738445.0,0
linear_cpp2,1696683165.8439584,8208094.505,89532120.0,7631390.0,0
linear_cpp2,1696683175.8929722,8220223.516,119003419.0,10176060.0,0
linear_cpp2,1696683185.9218662,8229211.235,120612911.0,9634497.0,0
linear_cpp2,1696683195.9199224,8246539.526,105214574.0,8402688.0,0
linear_cpp2,1696683205.9521384,8216537.415,89476760.0,8100504.0,0
linear_cpp2,1696683215.9216566,8206276.839,76965807.0,6205917.0,0
linear_cpp2,1696683225.9357517,8236042.316,86842063.0,7167279.0,0
linear_cpp2,1696683235.978181,8219000.574,92407112.0,7581951.0,0
linear_cpp2,1696683245.9862986,8212974.008,77111374.0,6490889.0,0
linear_cpp2,1696683255.983129,8212607.772,76547289.0,6430098.0,0
linear_cpp2,1696683265.9956362,8205253.465,77872787.0,6510298.0,0
linear_cpp2,1696683276.007797,8205995.398,82411105.0,7191876.0,0
linear_cpp2,1696683286.039929,8208196.019,93186041.0,8011637.0,0
linear_cpp2,1696683296.0675826,8216635.852,81924290.0,7073530.0,0
linear_cpp2,1696683306.0883343,8206538.683,83776031.0,6900983.0,0
linear_cpp2,1696683316.12733,8223768.857,110419029.0,10109533.0,0
linear_cpp2,1696683326.1470423,8232051.584,99646351.0,10205479.0,0
linear_cpp2,1696683336.1991162,8231576.248,99352102.0,10149755.0,0
linear_cpp2,1696683346.2131922,8227121.684,103803933.0,10391087.0,0
linear_cpp2,1696683356.2023714,8229725.837,105723728.0,10136876.0,0
linear_cpp2,1696683366.2361152,8221088.271,109546290.0,10128637.0,0
linear_cpp2,1696683376.238881,8248100.318,93776860.0,9690405.0,0
linear_cpp2,1696683386.2177124,8223032.906,90375867.0,8207804.0,0
linear_cpp2,1696683396.2670438,8224120.736,105132848.0,10096287.0,0
linear_cpp2,1696683406.262456,8250050.204,109286707.0,9984899.0,0
linear_cpp2,1696683416.2992892,8229526.403,96288816.0,8833595.0,0
linear_cpp2,1696683426.3188555,8224139.601,89198441.0,7998759.0,0
linear_cpp2,1696683436.2881844,8223390.979,93335394.0,7816264.0,0
linear_cpp2,1696683446.3271217,8213759.092,85163906.0,7276592.0,0
linear_cpp2,1696683456.3172362,8213441.031,94053348.0,8727761.0,0
linear_cpp2,1696683466.3801856,8233348.154,103772501.0,10206944.0,0
linear_cpp2,1696683476.4011576,8230510.441,106170931.0,9919042.0,0
linear_cpp2,1696683486.388182,8207811.284,94054813.0,7752910.0,0
linear_cpp2,1696683496.4445665,8222883.751,106026218.0,9864416.0,0
linear_cpp2,1696683506.4260333,8214985.441,97962456.0,8944313.0,0
linear_cpp2,1696683516.4403212,8241167.246,107622283.0,9134193.0,0
linear_cpp2,1696683526.4697297,8221956.361,86296227.0,8703164.0,0
linear_cpp2,1696683536.455644,8209126.46,93036139.0,7930583.0,0
linear_cpp2,1696683546.4932473,8211691.93,95226502.0,8117289.0,0
linear_cpp2,1696683556.498066,8234228.157,81902927.0,6848982.0,0
linear_cpp2,1696683566.4998891,8212258.378,84256132.0,7883403.0,0
linear_cpp2,1696683576.5315068,8220106.159,104988562.0,9576148.0,0
linear_cpp2,1696683586.526978,8216704.581,93107794.0,8019205.0,0
linear_cpp2,1696683596.5411167,8219124.926,95053773.0,8409525.0,0
linear_cpp2,1696683606.5537357,8245890.981,82059238.0,7432476.0,0
linear_cpp2,1696683616.5697215,8360295.627,84512418.0,7838115.0,0
linear_cpp2,1696683626.637181,8251032.544,89613235.0,8642434.0,0
linear_cpp2,1696683636.600735,8210757.012,83014558.0,7398113.0,0
linear_cpp2,1696683646.6308935,8220269.754,91075329.0,8326394.0,0
linear_cpp2,1696683656.6418862,8233391.427,96521908.0,8932167.0,0
linear_cpp2,1696683666.6793253,8231177.239,98435173.0,10044835.0,0
linear_cpp2,1696683676.6948967,8245641.505,113486526.0,10320530.0,0
linear_cpp2,1696683686.7240984,8246447.801,92132821.0,9610815.0,0
linear_cpp2,1696683696.6960857,8205508.58,92314339.0,7976115.0,0
linear_cpp2,1696683706.7105107,8221055.201,104943213.0,9025245.0,0
linear_cpp2,1696683716.7212238,8216697.155,103481852.0,8949745.0,0
linear_cpp2,1696683726.760421,8219547.968,94359927.0,8068582.0,0
linear_cpp2,1696683736.7888856,8227495.401,83323029.0,8328043.0,0
linear_cpp2,1696683746.805142,8216667.416,82486117.0,7504436.0,0
linear_cpp2,1696683756.800919,8214862.339,83347809.0,7281719.0,0
linear_cpp2,1696683766.8395007,8257238.391,101674300.0,7967997.0,0
linear_cpp2,1696683776.819044,8210473.478,88565447.0,7353375.0,0
linear_cpp2,1696683786.8330364,8250130.603,106143771.0,8322183.0,0
linear_cpp2,1696683796.9347413,8217891.046,87933735.0,7231915.0,0
linear_cpp2,1696683806.857909,8243788.552,88053486.0,7992961.0,0
linear_cpp2,1696683816.8768423,8206888.552,80885841.0,6680464.0,0
linear_cpp2,1696683826.8917975,8207046.281,87451009.0,7100751.0,0
linear_cpp2,1696683836.9056654,8218594.777,93208136.0,8339822.0,0
linear_cpp2,1696683846.9424372,8215496.074,92799567.0,8624184.0,0
linear_cpp2,1696683856.9326844,8222353.995,97913446.0,9311500.0,0
linear_cpp2,1696683867.001656,8232283.269,110246849.0,10103184.0,0
linear_cpp2,1696683877.0081565,8237707.273,100589281.0,9985081.0,0
linear_cpp2,1696683886.9968996,8222336.939,94637881.0,9378516.0,0
linear_cpp2,1696683897.0298927,8226203.49,98114006.0,9905004.0,0
linear_cpp2,1696683907.0368736,8230703.858,102537091.0,9243751.0,0
linear_cpp2,1696683917.0486434,8226408.114,83834258.0,7050214.0,0
linear_cpp2,1696683927.0704641,8215494.035,100090015.0,8185282.0,0
linear_cpp2,1696683937.0842133,8211551.131,83012300.0,6552900.0,0
linear_cpp2,1696683947.0998712,8208897.564,87989582.0,7215558.0,0
linear_cpp2,1696683957.083559,8207070.44,94172305.0,7789653.0,0
linear_cpp2,1696683967.1063526,8214449.343,79651408.0,6977826.0,0
linear_cpp2,1696683977.120043,8246579.419,100183520.0,7774822.0,0
linear_cpp2,1696683987.1496797,8225112.435,91240794.0,8049051.0,0
linear_cpp2,1696683997.1914346,8205323.538,90348890.0,7740215.0,0
linear_cpp2,1696684007.163776,8203366.632,84802945.0,7170147.0,0
linear_cpp2,1696684017.1940036,8204872.049,83647918.0,6910017.0,0
linear_cpp2,1696684027.1951497,8206944.829,81519445.0,6402693.0,0
linear_cpp2,1696684037.2087295,8205045.205,87500386.0,7036481.0,0
linear_cpp2,1696684047.2302713,8217157.866,81958958.0,6709760.0,0
linear_cpp2,1696684057.2401028,8214547.186,85787989.0,7550945.0,0
linear_cpp2,1696684067.2537463,8217194.073,83278778.0,7057294.0,0
linear_cpp2,1696684077.27,8209074.466,80060830.0,7102399.0,0
linear_cpp2,1696684087.2987282,8212248.398,79268534.0,6625532.0,0
linear_cpp2,1696684097.3145406,8221102.5,84394132.0,7253705.0,0
linear_cpp2,1696684107.3800256,8212364.37,79258525.0,6854840.0,0
linear_cpp2,1696684117.3271222,8219997.506,83152741.0,6969099.0,0
linear_cpp2,1696684127.3804963,8216566.438,86896689.0,7693157.0,0
linear_cpp2,1696684137.3587317,8206413.396,82064792.0,7082806.0,0
linear_cpp2,1696684147.4057708,8209792.33,89859511.0,7782817.0,0
linear_cpp2,1696684722.321071,8215398.563,77496506.0,6633711.0,0
linear_cpp2,1696684732.3368065,8210773.264,80491127.0,6854170.0,0
linear_cpp2,1696684742.3496678,8208986.496,76724962.0,6361739.0,0
linear_cpp2,1696684752.3638742,8207936.49,76598071.0,6501632.0,0
linear_cpp2,1696684762.3812943,8205693.036,77283677.0,6517501.0,0
linear_cpp2,1696684772.3909702,8330143.129,69435735.0,6658003.0,0
linear_cpp2,1696684782.41376,8206775.353,78206770.0,6405928.0,0
linear_cpp2,1696684792.4277406,8210841.627,95927123.0,6851301.0,0
linear_cpp2,1696684802.456576,8206048.471,85033596.0,6621932.0,0
linear_cpp2,1696684812.4685695,8214308.984,80491371.0,6581648.0,0
linear_cpp2,1696684822.4699626,8211676.032,85194484.0,7045087.0,0
linear_cpp2,1696684832.5045323,8216425.076,87027304.0,7277630.0,0
linear_cpp2,1696684842.5054293,8217308.831,91265941.0,7932048.0,0
linear_cpp2,1696684852.530994,8212874.101,103549723.0,9152443.0,0
linear_cpp2,1696684862.532267,8204398.246,77056992.0,6154464.0,0
linear_cpp2,1696684872.5465908,8205509.539,88768510.0,7713603.0,0
linear_cpp2,1696684882.559633,8211869.955,83410004.0,6876630.0,0
linear_cpp2,1696684892.5767837,8218158.405,86218102.0,7845561.0,0
linear_cpp2,1696684902.608398,8212381.507,103316019.0,8277567.0,0
linear_cpp2,1696684912.6582346,8235302.925,95277344.0,8519204.0,0
linear_cpp2,1696684922.6406133,8222293.585,93759770.0,8273722.0,0
linear_cpp2,1696684932.6633859,8222138.357,97676936.0,8230753.0,0
linear_cpp2,1696684942.6632068,8219392.856,91096202.0,8171000.0,0
linear_cpp2,1696684952.712792,8214808.612,93395329.0,8269754.0,0
linear_cpp2,1696684962.6867259,8211158.544,89268693.0,7562297.0,0
linear_cpp2,1696684972.740408,8225415.789,100457628.0,8992714.0,0
linear_cpp3,1696685180.475032,8226143.166,129222936.0,8104227.0,0
linear_cpp3,1696685190.4566016,8201315.427,96458188.0,6818342.0,0
linear_cpp3,1696685200.5271604,8218408.354,125268540.0,7915385.0,0
linear_cpp3,1696685210.4712315,8219371.353,124750962.0,7561748.0,0
linear_cpp3,1696685220.5120811,8206000.187,107711943.0,8300821.0,0
linear_cpp3,1696685230.5287654,8220309.34,131805021.0,9597082.0,0
linear_cpp3,1696685240.5516884,8221193.793,126545757.0,9140114.0,0
linear_cpp3,1696685250.5593534,8214603.499,107785490.0,8045389.0,0
linear_cpp3,1696685260.5776289,8217413.562,118273440.0,9607580.0,0
linear_cpp3,1696685270.6235385,8236720.689,119795287.0,10492343.0,0
linear_cpp3,1696685280.6059806,8218956.803,118185183.0,8566995.0,0
linear_cpp3,1696685290.6221015,8232058.095,127519510.0,9179115.0,0
linear_cpp3,1696685300.6387727,8219132.211,113071793.0,8953285.0,0
linear_cpp3,1696685310.6617568,8223331.318,108371671.0,8486978.0,0
linear_cpp3,1696685320.665608,8220173.072,124627854.0,9076088.0,0
linear_cpp3,1696685330.6858883,8222605.407,121658441.0,9054237.0,0
linear_cpp3,1696685340.6954725,8234094.192,120593503.0,9140235.0,0
linear_cpp3,1696685350.7355344,8214768.098,122756217.0,9236549.0,0
linear_cpp3,1696685360.703662,8206087.06,106643221.0,7324505.0,0
linear_cpp3,1696685370.7333686,8205328.042,95475280.0,6775801.0,0
linear_cpp3,1696685380.7558734,8200747.36,106442049.0,6787092.0,0
linear_cpp3,1696685390.7444885,8200314.819,108407681.0,7467816.0,0
linear_cpp3,1696685400.7604885,8210573.33,95257324.0,8164346.0,0
linear_cpp3,1696685410.8009703,8207927.884,115075328.0,9124915.0,0
linear_cpp3,1696685420.8626425,8225460.201,113774550.0,10631382.0,0
linear_cpp3,1696685430.8624804,8224668.875,107443145.0,9440711.0,0
linear_cpp3,1696685440.84839,8211225.175,132154447.0,10468968.0,0
linear_cpp3,1696685450.916271,8220972.89,111216573.0,7860576.0,0
linear_cpp3,1696685460.8834333,8204750.416,105113073.0,7242779.0,0
linear_cpp3,1696685470.9141262,8209759.152,93802983.0,7786479.0,0
linear_cpp3,1696685480.931059,8248265.774,114443982.0,8364237.0,0
linear_cpp3,1696685490.927035,8204802.868,113548232.0,7931132.0,0
linear_cpp3,1696685500.9757867,8225593.443,122578605.0,9425574.0,0
linear_cpp3,1696685510.9950864,8218976.489,109370631.0,9735387.0,0
linear_cpp3,1696685520.9991047,8215136.823,96880611.0,9589392.0,0
linear_cpp3,1696685531.0165842,8216160.766,121801751.0,9665563.0,0
linear_cpp3,1696685541.04115,8223767.354,116944098.0,9314673.0,0
linear_cpp3,1696685551.089032,8222192.406,110609031.0,9969090.0,0
linear_cpp3,1696685561.0724437,8224189.914,108875332.0,9943029.0,0
linear_cpp3,1696685571.1020768,8224060.365,113099869.0,10072850.0,0
linear_cpp3,1696685581.114027,8217769.39,109615869.0,10405125.0,0
linear_cpp3,1696685591.1126838,8219976.217,115459360.0,10454197.0,0
linear_cpp3,1696685601.1303217,8224826.039,107017183.0,10271397.0,0
linear_cpp3,1696685611.1633582,8220803.741,99418202.0,9599158.0,0
linear_cpp3,1696685621.1581368,8217704.671,120304868.0,9925878.0,0
linear_cpp3,1696685631.1729155,8219229.297,112862504.0,9054054.0,0
linear_cpp3,1696685641.244795,8217356.543,112675737.0,8471292.0,0
linear_cpp3,1696685651.1947997,8228514.588,118295535.0,8692727.0,0
linear_cpp3,1696685661.2669473,8239173.451,116164192.0,10895907.0,0
linear_cpp3,1696685671.2452304,8223947.162,106646028.0,9268043.0,0
linear_cpp3,1696685681.2789657,8228491.36,101826338.0,9076149.0,0
linear_cpp3,1696685691.321774,8270617.068,97882928.0,9751195.0,0
linear_cpp3,1696685701.3506505,8211963.529,106004672.0,9038368.0,0
linear_cpp3,1696685711.311665,8242802.501,118272829.0,9048927.0,0
linear_cpp3,1696685721.390149,8561587.786,122512931.0,10433689.0,0
linear_cpp3,1696685731.372733,8232845.435,103016093.0,9926122.0,0
linear_cpp3,1696685741.4202104,8227518.569,113696059.0,10050450.0,0
linear_cpp3,1696685751.4071367,8564949.846,111335774.0,10798679.0,0
linear_cpp3,1696685761.4232254,8223489.177,117045721.0,9472815.0,0
linear_cpp3,1696685771.4290671,8224791.765,116681647.0,9224952.0,0
linear_cpp3,1696685781.4524744,8218602.802,103881631.0,7617535.0,0
linear_cpp3,1696685791.4400752,8221057.104,109931481.0,7647686.0,0
linear_cpp3,1696685801.466028,8243669.865,110275047.0,8020976.0,0
linear_cpp3,1696685811.5073006,8256108.123,110781027.0,8273355.0,0
linear_cpp3,1696685821.4887514,8216285.546,94000613.0,7022076.0,0
linear_cpp3,1696685831.51774,8202526.598,112718644.0,8143351.0,0
linear_cpp3,1696685841.5257268,8203716.611,96895503.0,7049115.0,0
linear_cpp3,1696685851.543277,8209247.918,107464141.0,7129010.0,0
linear_cpp3,1696685861.5433807,8210231.056,111473104.0,7091229.0,0
linear_cpp3,1696685871.5571938,8215564.133,101543441.0,6910139.0,0
linear_cpp3,1696685881.5794797,8216905.041,112794633.0,7770427.0,0
linear_cpp3,1696685891.6240437,8212924.494,105186132.0,8026164.0,0
linear_cpp3,1696685901.616847,8216277.476,86866354.0,7519023.0,0
linear_cpp3,1696685911.6462042,8223652.454,106359103.0,8775978.0,0
linear_cpp3,1696685921.6574469,8216719.497,103808206.0,8092570.0,0
linear_cpp3,1696685931.6831567,8213201.735,104546180.0,8579507.0,0
linear_cpp3,1696685941.7000744,8217093.0,119948668.0,8455789.0,0
linear_cpp3,1696685951.6992466,8216884.019,111488972.0,8447488.0,0
linear_cpp3,1696685961.7119386,8213455.594,96397520.0,6775739.0,0
linear_cpp3,1696685971.7508337,8211941.927,114031202.0,8023539.0,0
linear_cpp3,1696685981.7482665,8204602.828,109417933.0,7920573.0,0
linear_cpp3,1696685991.7680738,8211479.423,104972143.0,7403972.0,0
linear_cpp3,1696686001.787229,8210044.393,110786338.0,8707131.0,0
linear_cpp3,1696686011.8621836,8224614.152,112537126.0,10372471.0,0
linear_cpp3,1696686021.8613234,8209493.709,95973509.0,7246320.0,0
linear_cpp3,1696686031.8181872,8203787.14,105143713.0,7375347.0,0
linear_cpp3,1696686041.838122,8240528.045,120638302.0,8400431.0,0
linear_cpp3,1696686051.8658068,8202774.336,90461804.0,7251873.0,0
linear_cpp3,1696686061.864043,8201171.654,103057659.0,6941816.0,0
linear_cpp3,1696686071.8830874,8204149.046,108082426.0,7431012.0,0
linear_cpp3,1696686081.9195635,8356557.238,91974374.0,8204019.0,0
linear_cpp3,1696686092.0231135,8212072.243,119899229.0,8935218.0,0
linear_cpp3,1696686101.965721,8213362.705,124541002.0,9707128.0,0
linear_cpp3,1696686111.9980476,8224403.025,96384458.0,8829995.0,0
linear_cpp3,1696686122.0091174,8219753.61,106984711.0,9072303.0,0
linear_cpp3,1696686132.0345678,8199197.033,96875912.0,7184308.0,0
linear_cpp3,1696686142.0287166,8215608.004,106872163.0,7766460.0,0
linear_cpp3,1696686152.057771,8204958.644,108905971.0,7691447.0,0
linear_cpp3,1696686162.0680575,8211710.811,96386899.0,7337750.0,0
linear_cpp3,1696686172.079049,8253446.824,109193934.0,7844401.0,0
linear_py3,1696687467.2592275,8440281.127,97076350.0,8665749.0,0
linear_py3,1696687477.2954218,8409293.235,82337985.0,6805220.0,0
linear_py3,1696687487.2782853,8422386.958,94611819.0,7665630.0,0
linear_py3,1696687497.3310792,8418233.909,103746255.0,8432534.0,0
linear_py3,1696687507.3275626,8404619.765,101093370.0,8225748.0,0
linear_py3,1696687517.3515606,8418641.633,112343401.0,9241371.0,0
linear_py3,1696687527.40329,8448258.904,121779046.0,10772190.0,0
linear_py3,1696687537.4247484,8436060.064,107026276.0,10155431.0,0
linear_py3,1696687547.462356,8446139.559,112671465.0,10297459.0,0
linear_py3,1696687557.4940414,8445052.26,113942396.0,10795748.0,0
linear_py3,1696687567.503044,8456976.474,120059751.0,10681858.0,0
linear_py3,1696687577.5419881,8445997.36,109273585.0,8729164.0,0
linear_py3,1696687587.5339372,8408527.145,102235945.0,8313821.0,0
linear_py3,1696687597.5693927,8406556.494,95709227.0,7633586.0,0
linear_py3,1696687607.6106741,8423645.603,97403498.0,7947611.0,0
linear_py3,1696687617.639546,8437924.787,127845192.0,11230745.0,0
linear_py3,1696687627.6536582,8443039.746,111529743.0,8962746.0,0
linear_py3,1696687637.6748376,8407472.146,96154051.0,7577495.0,0
linear_py3,1696687647.690006,8407942.595,82025669.0,6715742.0,0
linear_py3,1696687657.7115169,8410814.485,88907976.0,7314922.0,0
linear_py3,1696687667.7412288,8410014.83,106531222.0,10001989.0,0
linear_py3,1696687677.8349144,8449434.958,119219421.0,11005038.0,0
linear_py3,1696687687.824952,8445755.597,110049889.0,10220860.0,0
linear_py3,1696687697.8243494,8408195.841,106430758.0,8660012.0,0
linear_py3,1696687707.850422,8413992.065,96952571.0,8067729.0,0
linear_py3,1696687717.9138074,8766048.412,116555671.0,10406528.0,0
linear_py3,1696687728.9370027,8431582.415,118541750.0,9641821.0,0
linear_py3,1696687738.9553375,8773010.247,103512613.0,8662758.0,0
linear_py3,1696687749.983595,8426204.932,98820792.0,9026649.0,0
linear_py3,1696687759.9819884,8410890.855,91723093.0,7105756.0,0
linear_py3,1696687770.0388753,8438311.839,116569770.0,10239354.0,0
linear_py3,1696687780.0586884,8434243.124,104932715.0,8492105.0,0
linear_py3,1696687790.091547,8762636.354,106848237.0,9840795.0,0
linear_py3,1696687801.0836573,8408065.245,105827061.0,8972939.0,0
linear_py3,1696687811.1567366,8450403.447,116191658.0,10083714.0,0
linear_py3,1696687821.1897588,8433980.475,115425059.0,10256993.0,0
linear_py3,1696687831.1849096,8810157.685,118582704.0,10813998.0,0
linear_py3,1696687842.2099671,8446498.538,125784102.0,10894625.0,0
linear_py3,1696687852.2483695,8440269.144,115722604.0,9849706.0,0
linear_py3,1696687862.2802355,8435932.515,121490167.0,10146398.0,0
linear_py3,1696687872.3065224,8478036.819,122335319.0,10525302.0,0
linear_py3,1696687882.378194,8455871.453,99380177.0,8803139.0,0
linear_py3,1696687892.4401283,8474016.1,94875062.0,8205667.0,0
linear_py3,1696687902.3477993,8400348.469,101797774.0,7474041.0,0
linear_py3,1696687912.3740997,8402320.251,90888317.0,7076825.0,0
linear_py3,1696687922.4715815,8441234.864,119221619.0,10573887.0,0
linear_py3,1696687932.4703298,8442991.548,107089448.0,10488803.0,0
linear_py3,1696687942.4930627,8438966.265,121866204.0,10427829.0,0
linear_py3,1696687952.5056324,8443489.882,119605223.0,9843603.0,0
linear_py3,1696687962.5456834,8451595.837,110583335.0,10639743.0,0
linear_py3,1696687972.5630462,8434325.761,117066168.0,10017430.0,0
linear_py3,1696687982.5803783,8413910.758,118037906.0,9795263.0,0
linear_py3,1696687992.6224368,8445264.795,111225728.0,9458655.0,0
linear_py3,1696688002.6484616,8445857.006,115165294.0,9908422.0,0
linear_py3,1696688012.673296,8451051.96,105675266.0,10364109.0,0
linear_py3,1696688022.6942694,8434570.173,107940947.0,10617405.0,0
linear_py3,1696688032.7198238,8450748.921,107749786.0,10643588.0,0
linear_py3,1696688042.746473,8497342.738,125131455.0,11254365.0,0
linear_py3,1696688052.7445555,8405143.264,109573877.0,8871926.0,0
linear_py3,1696688062.8388672,8449724.985,103330241.0,9156776.0,0
linear_py3,1696688072.8032346,8420299.739,98136589.0,7833049.0,0
linear_py3,1696688082.8284369,8425582.265,97060726.0,7806316.0,0
linear_py3,1696688092.856488,8427425.355,117443486.0,8876747.0,0
linear_py3,1696688102.8858745,8410672.575,96360899.0,7280987.0,0
linear_py3,1696688112.9158661,8403878.426,83636444.0,6629805.0,0
linear_py3,1696688122.9295733,8400060.154,87138205.0,6928754.0,0
linear_py3,1696688132.9505908,8405838.301,90906444.0,7090253.0,0
linear_py3,1696688143.004924,8414784.43,97180293.0,7716838.0,0
linear_py3,1696688153.0061874,8418521.403,101741561.0,7747234.0,0
linear_py3,1696688163.0269506,8403847.08,98753470.0,7765361.0,0
linear_py3,1696688173.0758069,8432929.784,80615516.0,7050275.0,0
linear_py3,1696688183.1046317,8434328.284,113255630.0,9487646.0,0
linear_py3,1696688193.1032395,8407759.906,88262042.0,7326397.0,0
linear_py3,1696688203.1299615,8415957.429,102469037.0,8020609.0,0
linear_py3,1696688213.186828,8418683.525,103667154.0,8496316.0,0
linear_py3,1696688223.2226493,8436768.155,117977054.0,9428809.0,0
linear_py3,1696688233.228839,8419996.289,99913257.0,8575540.0,0
linear_py3,1696688243.2608533,8503060.61,116159309.0,9536048.0,0
linear_py3,1696688253.2998476,8407008.742,100944687.0,7921306.0,0
linear_py3,1696688263.3166409,8417955.594,106421603.0,8810036.0,0
linear_py3,1696688273.3750172,8440877.966,114089857.0,8707375.0,0
linear_py3,1696688283.3938549,8441603.018,103219707.0,7682536.0,0
linear_py3,1696688293.3709512,8408398.693,82008152.0,6533919.0,0
linear_py3,1696688303.4113746,8413890.909,92853156.0,7739055.0,0
linear_py3,1696688313.422696,8422083.595,112390094.0,9320288.0,0
linear_py3,1696688323.449327,8415179.123,104249611.0,8771156.0,0
linear_py3,1696688333.4900103,8403952.596,91801584.0,7120526.0,0
linear_py3,1696688343.5036247,8399182.781,90553601.0,6748701.0,0
linear_py3,1696688353.5289178,8397786.564,82968721.0,6351119.0,0
linear_py3,1696688363.5513923,8401566.641,89444778.0,6797224.0,0
linear_py3,1696688373.578831,8403073.419,87112325.0,6811323.0,0
linear_py3,1696688383.635543,8404530.578,95440674.0,7278912.0,0
linear_py3,1696688393.629954,8399714.506,96322752.0,7285077.0,0
linear_py3,1696688403.6576788,8412654.032,85530787.0,6453352.0,0
linear_py3,1696688413.682664,8403360.249,92573067.0,6722333.0,0
linear_py3,1696688423.704947,8421315.357,103960793.0,8104410.0,0
linear_py3,1696688433.7376328,8410659.178,130644380.0,9891088.0,0
linear_py3,1696688443.7656145,8401054.735,97649104.0,7152570.0,0
linear_py3,1696688453.798513,8415590.026,96613950.0,8174296.0,0
linear_py3,1696688463.8152068,8409264.469,99379994.0,8424966.0,0
