run,package,interval,language,exec_time,num_clients,cpu_percentage,memory_usage
2024-11-23 22:56:05.232,run_18_repetition_16,,,py,180,1,0.0,41664512
2024-11-23 22:56:05.454,run_18_repetition_16,,,py,180,1,0.0,41664512
2024-11-23 22:56:05.679,run_18_repetition_16,,,py,180,1,0.0,41795584
2024-11-23 22:56:05.899,run_18_repetition_16,,,py,180,1,0.0,41926656
2024-11-23 22:56:06.119,run_18_repetition_16,,,py,180,1,0.0,41926656
2024-11-23 22:56:06.342,run_18_repetition_16,,,py,180,1,0.0,41926656
2024-11-23 22:56:06.565,run_18_repetition_16,,,py,180,1,0.0,41926656
2024-11-23 22:56:06.789,run_18_repetition_16,,,py,180,1,0.0,41926656
2024-11-23 22:56:07.013,run_18_repetition_16,,,py,180,1,0.0,41926656
2024-11-23 22:56:07.234,run_18_repetition_16,,,py,180,1,0.0,41926656
2024-11-23 22:56:07.457,run_18_repetition_16,,,py,180,1,0.0,41926656
2024-11-23 22:56:07.679,run_18_repetition_16,,,py,180,1,0.0,41926656
2024-11-23 22:56:07.902,run_18_repetition_16,,,py,180,1,0.0,41926656
2024-11-23 22:56:08.126,run_18_repetition_16,,,py,180,1,0.0,41926656
2024-11-23 22:56:08.347,run_18_repetition_16,,,py,180,1,0.0,41926656
2024-11-23 22:56:08.569,run_18_repetition_16,,,py,180,1,0.0,41926656
2024-11-23 22:56:08.791,run_18_repetition_16,,,py,180,1,0.0,41926656
2024-11-23 22:56:09.012,run_18_repetition_16,,,py,180,1,0.0,41926656
2024-11-23 22:56:09.233,run_18_repetition_16,,,py,180,1,0.0,41926656
2024-11-23 22:56:09.455,run_18_repetition_16,,,py,180,1,0.0,41926656
2024-11-23 22:56:09.676,run_18_repetition_16,,,py,180,1,0.0,41926656
2024-11-23 22:56:09.898,run_18_repetition_16,,,py,180,1,0.0,41926656
2024-11-23 22:56:10.119,run_18_repetition_16,,,py,180,1,0.0,41926656
2024-11-23 22:56:10.341,run_18_repetition_16,,,py,180,1,0.0,41926656
2024-11-23 22:56:10.563,run_18_repetition_16,,,py,180,1,0.0,41926656
2024-11-23 22:56:10.784,run_18_repetition_16,,,py,180,1,0.0,41926656
2024-11-23 22:56:11.005,run_18_repetition_16,,,py,180,1,0.0,41926656
2024-11-23 22:56:11.227,run_18_repetition_16,,,py,180,1,0.0,41926656
2024-11-23 22:56:11.448,run_18_repetition_16,,,py,180,1,0.0,41926656
2024-11-23 22:56:11.669,run_18_repetition_16,,,py,180,1,0.0,41926656
2024-11-23 22:56:11.890,run_18_repetition_16,,,py,180,1,0.0,41926656
2024-11-23 22:56:12.112,run_18_repetition_16,,,py,180,1,0.0,41926656
2024-11-23 22:56:12.334,run_18_repetition_16,,,py,180,1,0.0,41926656
2024-11-23 22:56:12.555,run_18_repetition_16,,,py,180,1,0.0,41926656
2024-11-23 22:56:12.777,run_18_repetition_16,,,py,180,1,0.0,41926656
2024-11-23 22:56:12.999,run_18_repetition_16,,,py,180,1,0.0,41926656
2024-11-23 22:56:13.220,run_18_repetition_16,,,py,180,1,0.0,41926656
2024-11-23 22:56:13.442,run_18_repetition_16,,,py,180,1,0.0,41926656
2024-11-23 22:56:13.663,run_18_repetition_16,,,py,180,1,0.0,41926656
2024-11-23 22:56:13.885,run_18_repetition_16,,,py,180,1,0.0,41926656
2024-11-23 22:56:14.107,run_18_repetition_16,,,py,180,1,0.0,41926656
2024-11-23 22:56:14.328,run_18_repetition_16,,,py,180,1,0.0,41926656
2024-11-23 22:56:14.550,run_18_repetition_16,,,py,180,1,0.0,41926656
2024-11-23 22:56:14.782,run_18_repetition_16,,,py,180,1,0.0,41926656
2024-11-23 22:56:15.003,run_18_repetition_16,,,py,180,1,0.0,41926656
2024-11-23 22:56:15.224,run_18_repetition_16,,,py,180,1,0.0,41926656
2024-11-23 22:56:15.445,run_18_repetition_16,,,py,180,1,0.0,41926656
2024-11-23 22:56:15.667,run_18_repetition_16,,,py,180,1,0.0,41926656
2024-11-23 22:56:15.889,run_18_repetition_16,,,py,180,1,0.0,41926656
2024-11-23 22:56:16.110,run_18_repetition_16,,,py,180,1,0.0,41926656
2024-11-23 22:56:16.332,run_18_repetition_16,,,py,180,1,0.0,41926656
2024-11-23 22:56:16.554,run_18_repetition_16,,,py,180,1,0.0,41926656
2024-11-23 22:56:16.778,run_18_repetition_16,,,py,180,1,9.9,41926656
2024-11-23 22:56:16.999,run_18_repetition_16,,,py,180,1,0.0,41926656
2024-11-23 22:56:17.220,run_18_repetition_16,,,py,180,1,0.0,41926656
2024-11-23 22:56:17.442,run_18_repetition_16,,,py,180,1,0.0,41926656
2024-11-23 22:56:17.664,run_18_repetition_16,,,py,180,1,0.0,41926656
2024-11-23 22:56:17.885,run_18_repetition_16,,,py,180,1,0.0,41926656
2024-11-23 22:56:18.106,run_18_repetition_16,,,py,180,1,0.0,41926656
2024-11-23 22:56:18.326,run_18_repetition_16,,,py,180,1,0.0,41926656
2024-11-23 22:56:18.549,run_18_repetition_16,,,py,180,1,0.0,41926656
2024-11-23 22:56:18.770,run_18_repetition_16,,,py,180,1,0.0,41926656
2024-11-23 22:56:18.992,run_18_repetition_16,,,py,180,1,0.0,41926656
2024-11-23 22:56:19.213,run_18_repetition_16,,,py,180,1,0.0,41926656
2024-11-23 22:56:19.435,run_18_repetition_16,,,py,180,1,0.0,41926656
2024-11-23 22:56:19.657,run_18_repetition_16,,,py,180,1,0.0,41926656
2024-11-23 22:56:19.878,run_18_repetition_16,,,py,180,1,0.0,41926656
2024-11-23 22:56:20.100,run_18_repetition_16,,,py,180,1,0.0,41926656
2024-11-23 22:56:20.321,run_18_repetition_16,,,py,180,1,0.0,41926656
2024-11-23 22:56:20.544,run_18_repetition_16,,,py,180,1,0.0,41926656
2024-11-23 22:56:20.766,run_18_repetition_16,,,py,180,1,0.0,41926656
2024-11-23 22:56:20.987,run_18_repetition_16,,,py,180,1,0.0,41926656
2024-11-23 22:56:21.208,run_18_repetition_16,,,py,180,1,0.0,41926656
2024-11-23 22:56:21.430,run_18_repetition_16,,,py,180,1,0.0,41926656
2024-11-23 22:56:21.652,run_18_repetition_16,,,py,180,1,0.0,41926656
2024-11-23 22:56:21.873,run_18_repetition_16,,,py,180,1,0.0,41926656
2024-11-23 22:56:22.095,run_18_repetition_16,,,py,180,1,0.0,41926656
2024-11-23 22:56:22.316,run_18_repetition_16,,,py,180,1,0.0,41926656
2024-11-23 22:56:22.538,run_18_repetition_16,,,py,180,1,0.0,41926656
2024-11-23 22:56:22.759,run_18_repetition_16,,,py,180,1,0.0,41926656
2024-11-23 22:56:22.981,run_18_repetition_16,,,py,180,1,0.0,41926656
2024-11-23 22:56:23.203,run_18_repetition_16,,,py,180,1,0.0,41926656
2024-11-23 22:56:23.425,run_18_repetition_16,,,py,180,1,0.0,41926656
2024-11-23 22:56:23.646,run_18_repetition_16,,,py,180,1,0.0,41926656
2024-11-23 22:56:23.867,run_18_repetition_16,,,py,180,1,0.0,41926656
2024-11-23 22:56:24.090,run_18_repetition_16,,,py,180,1,0.0,41926656
2024-11-23 22:56:24.311,run_18_repetition_16,,,py,180,1,0.0,41926656
2024-11-23 22:56:24.533,run_18_repetition_16,,,py,180,1,0.0,41926656
2024-11-23 22:56:24.754,run_18_repetition_16,,,py,180,1,0.0,41926656
2024-11-23 22:56:24.976,run_18_repetition_16,,,py,180,1,0.0,41926656
2024-11-23 22:56:25.198,run_18_repetition_16,,,py,180,1,0.0,41926656
2024-11-23 22:56:25.420,run_18_repetition_16,,,py,180,1,0.0,41926656
2024-11-23 22:56:25.641,run_18_repetition_16,,,py,180,1,0.0,41926656
2024-11-23 22:56:25.863,run_18_repetition_16,,,py,180,1,0.0,41926656
2024-11-23 22:56:26.085,run_18_repetition_16,,,py,180,1,0.0,41926656
2024-11-23 22:56:26.306,run_18_repetition_16,,,py,180,1,0.0,41926656
2024-11-23 22:56:26.528,run_18_repetition_16,,,py,180,1,0.0,41926656
2024-11-23 22:56:26.749,run_18_repetition_16,,,py,180,1,0.0,41926656
2024-11-23 22:56:26.970,run_18_repetition_16,,,py,180,1,0.0,41926656
2024-11-23 22:56:27.199,run_18_repetition_16,,,py,180,1,0.0,41926656
2024-11-23 22:56:27.421,run_18_repetition_16,,,py,180,1,0.0,41926656
2024-11-23 22:56:27.642,run_18_repetition_16,,,py,180,1,0.0,41926656
2024-11-23 22:56:27.864,run_18_repetition_16,,,py,180,1,0.0,41926656
2024-11-23 22:56:28.085,run_18_repetition_16,,,py,180,1,0.0,41926656
2024-11-23 22:56:28.307,run_18_repetition_16,,,py,180,1,0.0,41926656
2024-11-23 22:56:28.527,run_18_repetition_16,,,py,180,1,0.0,41926656
2024-11-23 22:56:28.749,run_18_repetition_16,,,py,180,1,0.0,41926656
2024-11-23 22:56:28.970,run_18_repetition_16,,,py,180,1,0.0,41926656
2024-11-23 22:56:29.193,run_18_repetition_16,,,py,180,1,0.0,41926656
2024-11-23 22:56:29.414,run_18_repetition_16,,,py,180,1,0.0,41926656
2024-11-23 22:56:29.635,run_18_repetition_16,,,py,180,1,0.0,41926656
2024-11-23 22:56:29.866,run_18_repetition_16,,,py,180,1,0.0,41926656
2024-11-23 22:56:30.096,run_18_repetition_16,,,py,180,1,0.0,41926656
2024-11-23 22:56:30.328,run_18_repetition_16,,,py,180,1,0.0,41926656
2024-11-23 22:56:30.560,run_18_repetition_16,,,py,180,1,0.0,41926656
2024-11-23 22:56:30.790,run_18_repetition_16,,,py,180,1,0.0,41926656
2024-11-23 22:56:31.021,run_18_repetition_16,,,py,180,1,0.0,41926656
2024-11-23 22:56:31.252,run_18_repetition_16,,,py,180,1,0.0,41926656
2024-11-23 22:56:31.480,run_18_repetition_16,,,py,180,1,0.0,41926656
2024-11-23 22:56:31.707,run_18_repetition_16,,,py,180,1,0.0,41926656
2024-11-23 22:56:31.938,run_18_repetition_16,,,py,180,1,0.0,41926656
2024-11-23 22:56:32.170,run_18_repetition_16,,,py,180,1,0.0,41926656
2024-11-23 22:56:32.401,run_18_repetition_16,,,py,180,1,0.0,41926656
2024-11-23 22:56:32.632,run_18_repetition_16,,,py,180,1,0.0,41926656
2024-11-23 22:56:32.862,run_18_repetition_16,,,py,180,1,0.0,41926656
2024-11-23 22:56:33.093,run_18_repetition_16,,,py,180,1,0.0,41926656
2024-11-23 22:56:33.324,run_18_repetition_16,,,py,180,1,0.0,41926656
2024-11-23 22:56:33.556,run_18_repetition_16,,,py,180,1,0.0,41926656
2024-11-23 22:56:33.787,run_18_repetition_16,,,py,180,1,0.0,41926656
2024-11-23 22:56:34.018,run_18_repetition_16,,,py,180,1,0.0,41926656
2024-11-23 22:56:34.249,run_18_repetition_16,,,py,180,1,0.0,41926656
2024-11-23 22:56:34.478,run_18_repetition_16,,,py,180,1,0.0,41926656
2024-11-23 22:56:34.707,run_18_repetition_16,,,py,180,1,0.0,41926656
2024-11-23 22:56:34.929,run_18_repetition_16,,,py,180,1,0.0,41926656
2024-11-23 22:56:35.151,run_18_repetition_16,,,py,180,1,0.0,41926656
2024-11-23 22:56:35.372,run_18_repetition_16,,,py,180,1,0.0,41926656
2024-11-23 22:56:35.594,run_18_repetition_16,,,py,180,1,0.0,41926656
2024-11-23 22:56:35.815,run_18_repetition_16,,,py,180,1,0.0,41926656
2024-11-23 22:56:36.037,run_18_repetition_16,,,py,180,1,0.0,41926656
2024-11-23 22:56:36.258,run_18_repetition_16,,,py,180,1,0.0,41926656
2024-11-23 22:56:36.479,run_18_repetition_16,,,py,180,1,0.0,41926656
2024-11-23 22:56:36.701,run_18_repetition_16,,,py,180,1,0.0,41926656
2024-11-23 22:56:36.922,run_18_repetition_16,,,py,180,1,0.0,41926656
2024-11-23 22:56:37.144,run_18_repetition_16,,,py,180,1,0.0,41926656
2024-11-23 22:56:37.371,run_18_repetition_16,,,py,180,1,0.0,41926656
2024-11-23 22:56:37.602,run_18_repetition_16,,,py,180,1,0.0,41926656
2024-11-23 22:56:37.833,run_18_repetition_16,,,py,180,1,0.0,41926656
2024-11-23 22:56:38.064,run_18_repetition_16,,,py,180,1,0.0,41926656
2024-11-23 22:56:38.295,run_18_repetition_16,,,py,180,1,0.0,41926656
2024-11-23 22:56:38.526,run_18_repetition_16,,,py,180,1,0.0,41926656
2024-11-23 22:56:38.754,run_18_repetition_16,,,py,180,1,0.0,41926656
2024-11-23 22:56:38.975,run_18_repetition_16,,,py,180,1,0.0,41926656
2024-11-23 22:56:39.197,run_18_repetition_16,,,py,180,1,0.0,41926656
2024-11-23 22:56:39.418,run_18_repetition_16,,,py,180,1,0.0,41926656
2024-11-23 22:56:39.640,run_18_repetition_16,,,py,180,1,0.0,41926656
2024-11-23 22:56:39.862,run_18_repetition_16,,,py,180,1,9.9,41926656
2024-11-23 22:56:40.083,run_18_repetition_16,,,py,180,1,0.0,41926656
2024-11-23 22:56:40.305,run_18_repetition_16,,,py,180,1,0.0,41926656
2024-11-23 22:56:40.527,run_18_repetition_16,,,py,180,1,0.0,41926656
2024-11-23 22:56:40.750,run_18_repetition_16,,,py,180,1,0.0,41926656
2024-11-23 22:56:40.974,run_18_repetition_16,,,py,180,1,0.0,41926656
2024-11-23 22:56:41.202,run_18_repetition_16,,,py,180,1,0.0,41926656
2024-11-23 22:56:41.424,run_18_repetition_16,,,py,180,1,0.0,41926656
2024-11-23 22:56:41.645,run_18_repetition_16,,,py,180,1,0.0,41926656
2024-11-23 22:56:41.866,run_18_repetition_16,,,py,180,1,0.0,41926656
2024-11-23 22:56:42.088,run_18_repetition_16,,,py,180,1,0.0,41926656
2024-11-23 22:56:42.309,run_18_repetition_16,,,py,180,1,0.0,41926656
2024-11-23 22:56:42.530,run_18_repetition_16,,,py,180,1,0.0,41926656
2024-11-23 22:56:42.752,run_18_repetition_16,,,py,180,1,0.0,41926656
2024-11-23 22:56:42.974,run_18_repetition_16,,,py,180,1,0.0,41926656
2024-11-23 22:56:43.196,run_18_repetition_16,,,py,180,1,0.0,41926656
2024-11-23 22:56:43.420,run_18_repetition_16,,,py,180,1,0.0,41926656
2024-11-23 22:56:43.651,run_18_repetition_16,,,py,180,1,0.0,41926656
2024-11-23 22:56:43.882,run_18_repetition_16,,,py,180,1,0.0,41926656
2024-11-23 22:56:44.113,run_18_repetition_16,,,py,180,1,0.0,41926656
2024-11-23 22:56:44.344,run_18_repetition_16,,,py,180,1,0.0,41926656
2024-11-23 22:56:44.565,run_18_repetition_16,,,py,180,1,0.0,41926656
2024-11-23 22:56:44.787,run_18_repetition_16,,,py,180,1,0.0,41926656
2024-11-23 22:56:45.008,run_18_repetition_16,,,py,180,1,0.0,41926656
2024-11-23 22:56:45.230,run_18_repetition_16,,,py,180,1,0.0,41926656
2024-11-23 22:56:45.451,run_18_repetition_16,,,py,180,1,0.0,41926656
2024-11-23 22:56:45.673,run_18_repetition_16,,,py,180,1,0.0,41926656
2024-11-23 22:56:45.894,run_18_repetition_16,,,py,180,1,0.0,41926656
2024-11-23 22:56:46.116,run_18_repetition_16,,,py,180,1,0.0,41926656
2024-11-23 22:56:46.337,run_18_repetition_16,,,py,180,1,0.0,41926656
2024-11-23 22:56:46.559,run_18_repetition_16,,,py,180,1,0.0,41926656
2024-11-23 22:56:46.789,run_18_repetition_16,,,py,180,1,0.0,41926656
2024-11-23 22:56:47.010,run_18_repetition_16,,,py,180,1,0.0,41926656
2024-11-23 22:56:47.231,run_18_repetition_16,,,py,180,1,0.0,41926656
2024-11-23 22:56:47.452,run_18_repetition_16,,,py,180,1,0.0,41926656
2024-11-23 22:56:47.673,run_18_repetition_16,,,py,180,1,0.0,41926656
2024-11-23 22:56:47.895,run_18_repetition_16,,,py,180,1,0.0,41926656
2024-11-23 22:56:48.116,run_18_repetition_16,,,py,180,1,0.0,41926656
2024-11-23 22:56:48.337,run_18_repetition_16,,,py,180,1,0.0,41926656
2024-11-23 22:56:48.558,run_18_repetition_16,,,py,180,1,0.0,41926656
2024-11-23 22:56:48.780,run_18_repetition_16,,,py,180,1,0.0,41926656
2024-11-23 22:56:49.001,run_18_repetition_16,,,py,180,1,0.0,41926656
2024-11-23 22:56:49.222,run_18_repetition_16,,,py,180,1,0.0,41926656
2024-11-23 22:56:49.444,run_18_repetition_16,,,py,180,1,0.0,41926656
2024-11-23 22:56:49.666,run_18_repetition_16,,,py,180,1,0.0,41926656
2024-11-23 22:56:49.887,run_18_repetition_16,,,py,180,1,0.0,41926656
2024-11-23 22:56:50.118,run_18_repetition_16,,,py,180,1,0.0,41926656
2024-11-23 22:56:50.340,run_18_repetition_16,,,py,180,1,0.0,41926656
2024-11-23 22:56:50.561,run_18_repetition_16,,,py,180,1,0.0,41926656
2024-11-23 22:56:50.786,run_18_repetition_16,,,py,180,1,0.0,41926656
2024-11-23 22:56:51.009,run_18_repetition_16,,,py,180,1,0.0,41926656
2024-11-23 22:56:51.230,run_18_repetition_16,,,py,180,1,0.0,41926656
2024-11-23 22:56:51.452,run_18_repetition_16,,,py,180,1,0.0,41926656
2024-11-23 22:56:51.674,run_18_repetition_16,,,py,180,1,0.0,41926656
2024-11-23 22:56:51.896,run_18_repetition_16,,,py,180,1,0.0,41926656
2024-11-23 22:56:52.117,run_18_repetition_16,,,py,180,1,0.0,41926656
2024-11-23 22:56:52.338,run_18_repetition_16,,,py,180,1,0.0,41926656
2024-11-23 22:56:52.559,run_18_repetition_16,,,py,180,1,0.0,41926656
2024-11-23 22:56:52.781,run_18_repetition_16,,,py,180,1,0.0,41926656
2024-11-23 22:56:53.003,run_18_repetition_16,,,py,180,1,0.0,41926656
2024-11-23 22:56:53.224,run_18_repetition_16,,,py,180,1,0.0,41926656
2024-11-23 22:56:53.445,run_18_repetition_16,,,py,180,1,0.0,41926656
2024-11-23 22:56:53.667,run_18_repetition_16,,,py,180,1,0.0,41926656
2024-11-23 22:56:53.888,run_18_repetition_16,,,py,180,1,0.0,41926656
2024-11-23 22:56:54.110,run_18_repetition_16,,,py,180,1,0.0,41926656
2024-11-23 22:56:54.331,run_18_repetition_16,,,py,180,1,0.0,41926656
2024-11-23 22:56:54.553,run_18_repetition_16,,,py,180,1,0.0,41926656
2024-11-23 22:56:54.775,run_18_repetition_16,,,py,180,1,0.0,41926656
2024-11-23 22:56:54.997,run_18_repetition_16,,,py,180,1,0.0,41926656
2024-11-23 22:56:55.217,run_18_repetition_16,,,py,180,1,0.0,41926656
2024-11-23 22:56:55.439,run_18_repetition_16,,,py,180,1,0.0,41926656
2024-11-23 22:56:55.660,run_18_repetition_16,,,py,180,1,0.0,41926656
2024-11-23 22:56:55.882,run_18_repetition_16,,,py,180,1,0.0,41926656
2024-11-23 22:56:56.104,run_18_repetition_16,,,py,180,1,0.0,41926656
2024-11-23 22:56:56.325,run_18_repetition_16,,,py,180,1,0.0,41926656
2024-11-23 22:56:56.547,run_18_repetition_16,,,py,180,1,0.0,41926656
2024-11-23 22:56:56.769,run_18_repetition_16,,,py,180,1,0.0,41926656
2024-11-23 22:56:56.990,run_18_repetition_16,,,py,180,1,0.0,41926656
2024-11-23 22:56:57.211,run_18_repetition_16,,,py,180,1,0.0,41926656
2024-11-23 22:56:57.433,run_18_repetition_16,,,py,180,1,0.0,41926656
2024-11-23 22:56:57.654,run_18_repetition_16,,,py,180,1,0.0,41926656
2024-11-23 22:56:57.875,run_18_repetition_16,,,py,180,1,0.0,41926656
2024-11-23 22:56:58.097,run_18_repetition_16,,,py,180,1,0.0,41926656
2024-11-23 22:56:58.318,run_18_repetition_16,,,py,180,1,0.0,41926656
2024-11-23 22:56:58.539,run_18_repetition_16,,,py,180,1,0.0,41926656
2024-11-23 22:56:58.760,run_18_repetition_16,,,py,180,1,0.0,41926656
2024-11-23 22:56:58.982,run_18_repetition_16,,,py,180,1,0.0,41926656
2024-11-23 22:56:59.205,run_18_repetition_16,,,py,180,1,0.0,41926656
2024-11-23 22:56:59.427,run_18_repetition_16,,,py,180,1,0.0,41926656
2024-11-23 22:56:59.649,run_18_repetition_16,,,py,180,1,0.0,41926656
2024-11-23 22:56:59.871,run_18_repetition_16,,,py,180,1,0.0,41926656
2024-11-23 22:57:00.092,run_18_repetition_16,,,py,180,1,0.0,41926656
2024-11-23 22:57:00.313,run_18_repetition_16,,,py,180,1,0.0,41926656
2024-11-23 22:57:00.535,run_18_repetition_16,,,py,180,1,0.0,41926656
2024-11-23 22:57:00.756,run_18_repetition_16,,,py,180,1,0.0,41926656
2024-11-23 22:57:00.978,run_18_repetition_16,,,py,180,1,0.0,41926656
2024-11-23 22:57:01.200,run_18_repetition_16,,,py,180,1,0.0,41926656
2024-11-23 22:57:01.422,run_18_repetition_16,,,py,180,1,0.0,41926656
2024-11-23 22:57:01.643,run_18_repetition_16,,,py,180,1,0.0,41926656
2024-11-23 22:57:01.865,run_18_repetition_16,,,py,180,1,19.9,41926656
2024-11-23 22:57:02.086,run_18_repetition_16,,,py,180,1,0.0,41926656
2024-11-23 22:57:02.317,run_18_repetition_16,,,py,180,1,0.0,41926656
2024-11-23 22:57:02.547,run_18_repetition_16,,,py,180,1,0.0,41926656
2024-11-23 22:57:02.778,run_18_repetition_16,,,py,180,1,0.0,41926656
2024-11-23 22:57:03.009,run_18_repetition_16,,,py,180,1,0.0,41926656
2024-11-23 22:57:03.240,run_18_repetition_16,,,py,180,1,0.0,41926656
2024-11-23 22:57:03.471,run_18_repetition_16,,,py,180,1,0.0,41926656
2024-11-23 22:57:03.701,run_18_repetition_16,,,py,180,1,0.0,41926656
2024-11-23 22:57:03.922,run_18_repetition_16,,,py,180,1,0.0,41926656
2024-11-23 22:57:04.144,run_18_repetition_16,,,py,180,1,0.0,41926656
2024-11-23 22:57:04.365,run_18_repetition_16,,,py,180,1,0.0,41926656
2024-11-23 22:57:04.589,run_18_repetition_16,,,py,180,1,0.0,41926656
2024-11-23 22:57:04.820,run_18_repetition_16,,,py,180,1,0.0,41926656
2024-11-23 22:57:05.044,run_18_repetition_16,,,py,180,1,0.0,41926656
2024-11-23 22:57:05.274,run_18_repetition_16,,,py,180,1,0.0,41926656
2024-11-23 22:57:05.502,run_18_repetition_16,,,py,180,1,0.0,41926656
2024-11-23 22:57:05.724,run_18_repetition_16,,,py,180,1,0.0,41926656
2024-11-23 22:57:05.946,run_18_repetition_16,,,py,180,1,0.0,41926656
2024-11-23 22:57:06.167,run_18_repetition_16,,,py,180,1,0.0,41926656
2024-11-23 22:57:06.396,run_18_repetition_16,,,py,180,1,0.0,41926656
2024-11-23 22:57:06.627,run_18_repetition_16,,,py,180,1,0.0,41926656
2024-11-23 22:57:06.858,run_18_repetition_16,,,py,180,1,0.0,41926656
2024-11-23 22:57:07.088,run_18_repetition_16,,,py,180,1,0.0,41926656
2024-11-23 22:57:07.319,run_18_repetition_16,,,py,180,1,0.0,41926656
2024-11-23 22:57:07.550,run_18_repetition_16,,,py,180,1,0.0,41926656
2024-11-23 22:57:07.780,run_18_repetition_16,,,py,180,1,0.0,41926656
2024-11-23 22:57:08.011,run_18_repetition_16,,,py,180,1,0.0,41926656
2024-11-23 22:57:08.232,run_18_repetition_16,,,py,180,1,0.0,41926656
2024-11-23 22:57:08.454,run_18_repetition_16,,,py,180,1,0.0,41926656
2024-11-23 22:57:08.675,run_18_repetition_16,,,py,180,1,0.0,41926656
2024-11-23 22:57:08.897,run_18_repetition_16,,,py,180,1,0.0,41926656
2024-11-23 22:57:09.119,run_18_repetition_16,,,py,180,1,0.0,41926656
2024-11-23 22:57:09.339,run_18_repetition_16,,,py,180,1,0.0,41926656
2024-11-23 22:57:09.561,run_18_repetition_16,,,py,180,1,0.0,41926656
2024-11-23 22:57:09.782,run_18_repetition_16,,,py,180,1,0.0,41926656
2024-11-23 22:57:10.004,run_18_repetition_16,,,py,180,1,0.0,41926656
2024-11-23 22:57:10.226,run_18_repetition_16,,,py,180,1,0.0,41926656
2024-11-23 22:57:10.447,run_18_repetition_16,,,py,180,1,0.0,41926656
2024-11-23 22:57:10.669,run_18_repetition_16,,,py,180,1,0.0,41926656
2024-11-23 22:57:10.890,run_18_repetition_16,,,py,180,1,0.0,41926656
2024-11-23 22:57:11.111,run_18_repetition_16,,,py,180,1,0.0,41926656
2024-11-23 22:57:11.333,run_18_repetition_16,,,py,180,1,0.0,41926656
2024-11-23 22:57:11.554,run_18_repetition_16,,,py,180,1,0.0,41926656
2024-11-23 22:57:11.775,run_18_repetition_16,,,py,180,1,0.0,41926656
2024-11-23 22:57:11.997,run_18_repetition_16,,,py,180,1,0.0,41926656
2024-11-23 22:57:12.218,run_18_repetition_16,,,py,180,1,0.0,41926656
2024-11-23 22:57:12.440,run_18_repetition_16,,,py,180,1,0.0,41926656
2024-11-23 22:57:12.662,run_18_repetition_16,,,py,180,1,0.0,41926656
2024-11-23 22:57:12.883,run_18_repetition_16,,,py,180,1,0.0,41926656
2024-11-23 22:57:13.104,run_18_repetition_16,,,py,180,1,0.0,41926656
2024-11-23 22:57:13.327,run_18_repetition_16,,,py,180,1,0.0,41926656
2024-11-23 22:57:13.548,run_18_repetition_16,,,py,180,1,0.0,41926656
2024-11-23 22:57:13.769,run_18_repetition_16,,,py,180,1,0.0,41926656
2024-11-23 22:57:13.990,run_18_repetition_16,,,py,180,1,0.0,41926656
2024-11-23 22:57:14.212,run_18_repetition_16,,,py,180,1,0.0,41926656
2024-11-23 22:57:14.434,run_18_repetition_16,,,py,180,1,0.0,41926656
2024-11-23 22:57:14.656,run_18_repetition_16,,,py,180,1,0.0,41926656
2024-11-23 22:57:14.877,run_18_repetition_16,,,py,180,1,0.0,41926656
2024-11-23 22:57:15.099,run_18_repetition_16,,,py,180,1,0.0,41926656
2024-11-23 22:57:15.321,run_18_repetition_16,,,py,180,1,0.0,41926656
2024-11-23 22:57:15.542,run_18_repetition_16,,,py,180,1,0.0,41926656
2024-11-23 22:57:15.763,run_18_repetition_16,,,py,180,1,0.0,41926656
2024-11-23 22:57:15.985,run_18_repetition_16,,,py,180,1,0.0,41926656
2024-11-23 22:57:16.206,run_18_repetition_16,,,py,180,1,0.0,41926656
2024-11-23 22:57:16.427,run_18_repetition_16,,,py,180,1,0.0,41926656
2024-11-23 22:57:16.649,run_18_repetition_16,,,py,180,1,0.0,41926656
2024-11-23 22:57:16.870,run_18_repetition_16,,,py,180,1,0.0,41926656
2024-11-23 22:57:17.090,run_18_repetition_16,,,py,180,1,0.0,41926656
2024-11-23 22:57:17.311,run_18_repetition_16,,,py,180,1,0.0,41926656
2024-11-23 22:57:17.532,run_18_repetition_16,,,py,180,1,0.0,41926656
2024-11-23 22:57:17.763,run_18_repetition_16,,,py,180,1,0.0,41926656
2024-11-23 22:57:17.994,run_18_repetition_16,,,py,180,1,0.0,41926656
2024-11-23 22:57:18.225,run_18_repetition_16,,,py,180,1,0.0,41926656
2024-11-23 22:57:18.449,run_18_repetition_16,,,py,180,1,0.0,41926656
2024-11-23 22:57:18.670,run_18_repetition_16,,,py,180,1,0.0,41926656
2024-11-23 22:57:18.892,run_18_repetition_16,,,py,180,1,0.0,41926656
2024-11-23 22:57:19.113,run_18_repetition_16,,,py,180,1,0.0,41926656
2024-11-23 22:57:19.334,run_18_repetition_16,,,py,180,1,0.0,41926656
2024-11-23 22:57:19.555,run_18_repetition_16,,,py,180,1,0.0,41926656
2024-11-23 22:57:19.777,run_18_repetition_16,,,py,180,1,0.0,41926656
2024-11-23 22:57:19.998,run_18_repetition_16,,,py,180,1,0.0,41926656
2024-11-23 22:57:20.219,run_18_repetition_16,,,py,180,1,0.0,41926656
2024-11-23 22:57:20.441,run_18_repetition_16,,,py,180,1,0.0,41926656
2024-11-23 22:57:20.662,run_18_repetition_16,,,py,180,1,0.0,41926656
2024-11-23 22:57:20.884,run_18_repetition_16,,,py,180,1,0.0,41926656
2024-11-23 22:57:21.106,run_18_repetition_16,,,py,180,1,0.0,41926656
2024-11-23 22:57:21.327,run_18_repetition_16,,,py,180,1,0.0,41926656
2024-11-23 22:57:21.550,run_18_repetition_16,,,py,180,1,0.0,41926656
2024-11-23 22:57:21.771,run_18_repetition_16,,,py,180,1,0.0,41926656
2024-11-23 22:57:21.993,run_18_repetition_16,,,py,180,1,0.0,41926656
2024-11-23 22:57:22.214,run_18_repetition_16,,,py,180,1,0.0,41926656
2024-11-23 22:57:22.436,run_18_repetition_16,,,py,180,1,0.0,41926656
2024-11-23 22:57:22.658,run_18_repetition_16,,,py,180,1,0.0,41926656
2024-11-23 22:57:22.880,run_18_repetition_16,,,py,180,1,9.9,41926656
2024-11-23 22:57:23.101,run_18_repetition_16,,,py,180,1,0.0,41926656
2024-11-23 22:57:23.322,run_18_repetition_16,,,py,180,1,0.0,41926656
2024-11-23 22:57:23.543,run_18_repetition_16,,,py,180,1,0.0,41926656
2024-11-23 22:57:23.765,run_18_repetition_16,,,py,180,1,0.0,41926656
2024-11-23 22:57:23.986,run_18_repetition_16,,,py,180,1,0.0,41926656
2024-11-23 22:57:24.207,run_18_repetition_16,,,py,180,1,0.0,41926656
2024-11-23 22:57:24.428,run_18_repetition_16,,,py,180,1,0.0,41926656
2024-11-23 22:57:24.649,run_18_repetition_16,,,py,180,1,0.0,41926656
2024-11-23 22:57:24.871,run_18_repetition_16,,,py,180,1,0.0,41926656
2024-11-23 22:57:25.092,run_18_repetition_16,,,py,180,1,0.0,41926656
2024-11-23 22:57:25.313,run_18_repetition_16,,,py,180,1,0.0,41926656
2024-11-23 22:57:25.534,run_18_repetition_16,,,py,180,1,0.0,41926656
2024-11-23 22:57:25.756,run_18_repetition_16,,,py,180,1,0.0,41926656
2024-11-23 22:57:25.977,run_18_repetition_16,,,py,180,1,0.0,41926656
2024-11-23 22:57:26.199,run_18_repetition_16,,,py,180,1,0.0,41926656
2024-11-23 22:57:26.421,run_18_repetition_16,,,py,180,1,0.0,41926656
2024-11-23 22:57:26.642,run_18_repetition_16,,,py,180,1,0.0,41926656
2024-11-23 22:57:26.864,run_18_repetition_16,,,py,180,1,0.0,41926656
2024-11-23 22:57:27.086,run_18_repetition_16,,,py,180,1,0.0,41926656
2024-11-23 22:57:27.307,run_18_repetition_16,,,py,180,1,0.0,41926656
2024-11-23 22:57:27.528,run_18_repetition_16,,,py,180,1,0.0,41926656
2024-11-23 22:57:27.750,run_18_repetition_16,,,py,180,1,0.0,41926656
2024-11-23 22:57:27.971,run_18_repetition_16,,,py,180,1,0.0,41926656
2024-11-23 22:57:28.193,run_18_repetition_16,,,py,180,1,0.0,41926656
2024-11-23 22:57:28.415,run_18_repetition_16,,,py,180,1,0.0,41926656
2024-11-23 22:57:28.636,run_18_repetition_16,,,py,180,1,0.0,41926656
2024-11-23 22:57:28.858,run_18_repetition_16,,,py,180,1,0.0,41926656
2024-11-23 22:57:29.080,run_18_repetition_16,,,py,180,1,0.0,41926656
2024-11-23 22:57:29.301,run_18_repetition_16,,,py,180,1,0.0,41926656
2024-11-23 22:57:29.522,run_18_repetition_16,,,py,180,1,0.0,41926656
2024-11-23 22:57:29.743,run_18_repetition_16,,,py,180,1,0.0,41926656
2024-11-23 22:57:29.964,run_18_repetition_16,,,py,180,1,0.0,41926656
2024-11-23 22:57:30.186,run_18_repetition_16,,,py,180,1,0.0,41926656
2024-11-23 22:57:30.407,run_18_repetition_16,,,py,180,1,0.0,41926656
2024-11-23 22:57:30.629,run_18_repetition_16,,,py,180,1,0.0,41926656
2024-11-23 22:57:30.850,run_18_repetition_16,,,py,180,1,0.0,41926656
2024-11-23 22:57:31.071,run_18_repetition_16,,,py,180,1,0.0,41926656
2024-11-23 22:57:31.293,run_18_repetition_16,,,py,180,1,0.0,41926656
2024-11-23 22:57:31.516,run_18_repetition_16,,,py,180,1,0.0,41926656
2024-11-23 22:57:31.738,run_18_repetition_16,,,py,180,1,0.0,41926656
2024-11-23 22:57:31.959,run_18_repetition_16,,,py,180,1,10.0,41926656
2024-11-23 22:57:32.181,run_18_repetition_16,,,py,180,1,0.0,41926656
2024-11-23 22:57:32.402,run_18_repetition_16,,,py,180,1,0.0,41926656
2024-11-23 22:57:32.625,run_18_repetition_16,,,py,180,1,0.0,41926656
2024-11-23 22:57:32.847,run_18_repetition_16,,,py,180,1,0.0,41926656
2024-11-23 22:57:33.068,run_18_repetition_16,,,py,180,1,0.0,41926656
2024-11-23 22:57:33.290,run_18_repetition_16,,,py,180,1,0.0,41926656
2024-11-23 22:57:33.511,run_18_repetition_16,,,py,180,1,0.0,41926656
2024-11-23 22:57:33.733,run_18_repetition_16,,,py,180,1,0.0,41926656
2024-11-23 22:57:33.954,run_18_repetition_16,,,py,180,1,0.0,41926656
2024-11-23 22:57:34.175,run_18_repetition_16,,,py,180,1,0.0,41926656
2024-11-23 22:57:34.396,run_18_repetition_16,,,py,180,1,0.0,41926656
2024-11-23 22:57:34.618,run_18_repetition_16,,,py,180,1,0.0,41926656
2024-11-23 22:57:34.839,run_18_repetition_16,,,py,180,1,0.0,41926656
2024-11-23 22:57:35.060,run_18_repetition_16,,,py,180,1,0.0,41926656
2024-11-23 22:57:35.281,run_18_repetition_16,,,py,180,1,0.0,41926656
2024-11-23 22:57:35.502,run_18_repetition_16,,,py,180,1,0.0,41926656
2024-11-23 22:57:35.723,run_18_repetition_16,,,py,180,1,0.0,41926656
2024-11-23 22:57:35.944,run_18_repetition_16,,,py,180,1,0.0,41926656
2024-11-23 22:57:36.166,run_18_repetition_16,,,py,180,1,0.0,41926656
2024-11-23 22:57:36.387,run_18_repetition_16,,,py,180,1,0.0,41926656
2024-11-23 22:57:36.609,run_18_repetition_16,,,py,180,1,0.0,41926656
2024-11-23 22:57:36.830,run_18_repetition_16,,,py,180,1,0.0,41926656
2024-11-23 22:57:37.051,run_18_repetition_16,,,py,180,1,0.0,41926656
2024-11-23 22:57:37.273,run_18_repetition_16,,,py,180,1,0.0,41926656
2024-11-23 22:57:37.495,run_18_repetition_16,,,py,180,1,0.0,41926656
2024-11-23 22:57:37.716,run_18_repetition_16,,,py,180,1,0.0,41926656
2024-11-23 22:57:37.937,run_18_repetition_16,,,py,180,1,9.9,41926656
2024-11-23 22:57:38.159,run_18_repetition_16,,,py,180,1,0.0,41926656
2024-11-23 22:57:38.381,run_18_repetition_16,,,py,180,1,0.0,41926656
2024-11-23 22:57:38.602,run_18_repetition_16,,,py,180,1,0.0,41926656
2024-11-23 22:57:38.824,run_18_repetition_16,,,py,180,1,0.0,41926656
2024-11-23 22:57:39.045,run_18_repetition_16,,,py,180,1,0.0,41926656
2024-11-23 22:57:39.267,run_18_repetition_16,,,py,180,1,0.0,41926656
2024-11-23 22:57:39.489,run_18_repetition_16,,,py,180,1,0.0,41926656
2024-11-23 22:57:39.720,run_18_repetition_16,,,py,180,1,0.0,41926656
2024-11-23 22:57:39.951,run_18_repetition_16,,,py,180,1,0.0,41926656
2024-11-23 22:57:40.182,run_18_repetition_16,,,py,180,1,0.0,41926656
2024-11-23 22:57:40.412,run_18_repetition_16,,,py,180,1,0.0,41926656
2024-11-23 22:57:40.644,run_18_repetition_16,,,py,180,1,0.0,41926656
2024-11-23 22:57:40.875,run_18_repetition_16,,,py,180,1,0.0,41926656
2024-11-23 22:57:41.096,run_18_repetition_16,,,py,180,1,0.0,41926656
2024-11-23 22:57:41.318,run_18_repetition_16,,,py,180,1,0.0,41926656
2024-11-23 22:57:41.540,run_18_repetition_16,,,py,180,1,0.0,41926656
2024-11-23 22:57:41.762,run_18_repetition_16,,,py,180,1,0.0,41926656
2024-11-23 22:57:41.982,run_18_repetition_16,,,py,180,1,0.0,41926656
2024-11-23 22:57:42.204,run_18_repetition_16,,,py,180,1,0.0,41926656
2024-11-23 22:57:42.425,run_18_repetition_16,,,py,180,1,0.0,41926656
2024-11-23 22:57:42.646,run_18_repetition_16,,,py,180,1,0.0,41926656
2024-11-23 22:57:42.868,run_18_repetition_16,,,py,180,1,0.0,41926656
2024-11-23 22:57:43.090,run_18_repetition_16,,,py,180,1,0.0,41926656
2024-11-23 22:57:43.311,run_18_repetition_16,,,py,180,1,0.0,41926656
2024-11-23 22:57:43.532,run_18_repetition_16,,,py,180,1,0.0,41926656
2024-11-23 22:57:43.754,run_18_repetition_16,,,py,180,1,0.0,41926656
2024-11-23 22:57:43.975,run_18_repetition_16,,,py,180,1,0.0,41926656
2024-11-23 22:57:44.202,run_18_repetition_16,,,py,180,1,0.0,41926656
2024-11-23 22:57:44.424,run_18_repetition_16,,,py,180,1,0.0,41926656
2024-11-23 22:57:44.654,run_18_repetition_16,,,py,180,1,0.0,41926656
2024-11-23 22:57:44.880,run_18_repetition_16,,,py,180,1,0.0,41926656
2024-11-23 22:57:45.102,run_18_repetition_16,,,py,180,1,0.0,41926656
2024-11-23 22:57:45.324,run_18_repetition_16,,,py,180,1,0.0,41926656
2024-11-23 22:57:45.546,run_18_repetition_16,,,py,180,1,0.0,41926656
2024-11-23 22:57:45.767,run_18_repetition_16,,,py,180,1,0.0,41926656
2024-11-23 22:57:45.988,run_18_repetition_16,,,py,180,1,0.0,41926656
2024-11-23 22:57:46.209,run_18_repetition_16,,,py,180,1,0.0,41926656
2024-11-23 22:57:46.430,run_18_repetition_16,,,py,180,1,0.0,41926656
2024-11-23 22:57:46.650,run_18_repetition_16,,,py,180,1,0.0,41926656
2024-11-23 22:57:46.872,run_18_repetition_16,,,py,180,1,0.0,41926656
2024-11-23 22:57:47.093,run_18_repetition_16,,,py,180,1,0.0,41926656
2024-11-23 22:57:47.314,run_18_repetition_16,,,py,180,1,0.0,41926656
2024-11-23 22:57:47.535,run_18_repetition_16,,,py,180,1,0.0,41926656
2024-11-23 22:57:47.756,run_18_repetition_16,,,py,180,1,0.0,41926656
2024-11-23 22:57:47.977,run_18_repetition_16,,,py,180,1,0.0,41926656
2024-11-23 22:57:48.199,run_18_repetition_16,,,py,180,1,0.0,41926656
2024-11-23 22:57:48.420,run_18_repetition_16,,,py,180,1,0.0,41926656
2024-11-23 22:57:48.642,run_18_repetition_16,,,py,180,1,0.0,41926656
2024-11-23 22:57:48.863,run_18_repetition_16,,,py,180,1,0.0,41926656
2024-11-23 22:57:49.084,run_18_repetition_16,,,py,180,1,0.0,41926656
2024-11-23 22:57:49.306,run_18_repetition_16,,,py,180,1,0.0,41926656
2024-11-23 22:57:49.527,run_18_repetition_16,,,py,180,1,0.0,41926656
2024-11-23 22:57:49.749,run_18_repetition_16,,,py,180,1,0.0,41926656
2024-11-23 22:57:49.970,run_18_repetition_16,,,py,180,1,0.0,41926656
2024-11-23 22:57:50.191,run_18_repetition_16,,,py,180,1,0.0,41926656
2024-11-23 22:57:50.412,run_18_repetition_16,,,py,180,1,0.0,41926656
2024-11-23 22:57:50.634,run_18_repetition_16,,,py,180,1,0.0,41926656
2024-11-23 22:57:50.855,run_18_repetition_16,,,py,180,1,0.0,41926656
2024-11-23 22:57:51.076,run_18_repetition_16,,,py,180,1,0.0,41926656
2024-11-23 22:57:51.296,run_18_repetition_16,,,py,180,1,0.0,41926656
2024-11-23 22:57:51.518,run_18_repetition_16,,,py,180,1,0.0,41926656
2024-11-23 22:57:51.738,run_18_repetition_16,,,py,180,1,0.0,41926656
2024-11-23 22:57:51.959,run_18_repetition_16,,,py,180,1,0.0,41926656
2024-11-23 22:57:52.180,run_18_repetition_16,,,py,180,1,0.0,41926656
2024-11-23 22:57:52.402,run_18_repetition_16,,,py,180,1,0.0,41926656
2024-11-23 22:57:52.623,run_18_repetition_16,,,py,180,1,0.0,41926656
2024-11-23 22:57:52.844,run_18_repetition_16,,,py,180,1,0.0,41926656
2024-11-23 22:57:53.066,run_18_repetition_16,,,py,180,1,0.0,41926656
2024-11-23 22:57:53.287,run_18_repetition_16,,,py,180,1,0.0,41926656
2024-11-23 22:57:53.509,run_18_repetition_16,,,py,180,1,0.0,41926656
2024-11-23 22:57:53.734,run_18_repetition_16,,,py,180,1,0.0,41926656
2024-11-23 22:57:53.964,run_18_repetition_16,,,py,180,1,0.0,41926656
2024-11-23 22:57:54.195,run_18_repetition_16,,,py,180,1,0.0,41926656
2024-11-23 22:57:54.426,run_18_repetition_16,,,py,180,1,0.0,41926656
2024-11-23 22:57:54.658,run_18_repetition_16,,,py,180,1,0.0,41926656
2024-11-23 22:57:54.889,run_18_repetition_16,,,py,180,1,0.0,41926656
2024-11-23 22:57:55.120,run_18_repetition_16,,,py,180,1,0.0,41926656
2024-11-23 22:57:55.351,run_18_repetition_16,,,py,180,1,0.0,41926656
2024-11-23 22:57:55.573,run_18_repetition_16,,,py,180,1,0.0,41926656
2024-11-23 22:57:55.793,run_18_repetition_16,,,py,180,1,0.0,41926656
2024-11-23 22:57:56.014,run_18_repetition_16,,,py,180,1,0.0,41926656
2024-11-23 22:57:56.236,run_18_repetition_16,,,py,180,1,0.0,41926656
2024-11-23 22:57:56.457,run_18_repetition_16,,,py,180,1,0.0,41926656
2024-11-23 22:57:56.680,run_18_repetition_16,,,py,180,1,0.0,41926656
2024-11-23 22:57:56.901,run_18_repetition_16,,,py,180,1,0.0,41926656
2024-11-23 22:57:57.123,run_18_repetition_16,,,py,180,1,0.0,41926656
2024-11-23 22:57:57.345,run_18_repetition_16,,,py,180,1,0.0,41926656
2024-11-23 22:57:57.566,run_18_repetition_16,,,py,180,1,0.0,41926656
2024-11-23 22:57:57.788,run_18_repetition_16,,,py,180,1,0.0,41926656
2024-11-23 22:57:58.009,run_18_repetition_16,,,py,180,1,0.0,41926656
2024-11-23 22:57:58.230,run_18_repetition_16,,,py,180,1,0.0,41926656
2024-11-23 22:57:58.452,run_18_repetition_16,,,py,180,1,0.0,41926656
2024-11-23 22:57:58.673,run_18_repetition_16,,,py,180,1,0.0,41926656
2024-11-23 22:57:58.894,run_18_repetition_16,,,py,180,1,0.0,41926656
2024-11-23 22:57:59.115,run_18_repetition_16,,,py,180,1,0.0,41926656
2024-11-23 22:57:59.336,run_18_repetition_16,,,py,180,1,0.0,41926656
2024-11-23 22:57:59.558,run_18_repetition_16,,,py,180,1,0.0,41926656
2024-11-23 22:57:59.780,run_18_repetition_16,,,py,180,1,0.0,41926656
2024-11-23 22:58:00.000,run_18_repetition_16,,,py,180,1,0.0,41926656
2024-11-23 22:58:00.220,run_18_repetition_16,,,py,180,1,0.0,41926656
2024-11-23 22:58:00.442,run_18_repetition_16,,,py,180,1,0.0,41926656
2024-11-23 22:58:00.663,run_18_repetition_16,,,py,180,1,0.0,41926656
2024-11-23 22:58:00.885,run_18_repetition_16,,,py,180,1,0.0,41926656
2024-11-23 22:58:01.107,run_18_repetition_16,,,py,180,1,0.0,41926656
2024-11-23 22:58:01.328,run_18_repetition_16,,,py,180,1,0.0,41926656
2024-11-23 22:58:01.549,run_18_repetition_16,,,py,180,1,0.0,41926656
2024-11-23 22:58:01.771,run_18_repetition_16,,,py,180,1,0.0,41926656
2024-11-23 22:58:01.992,run_18_repetition_16,,,py,180,1,0.0,41926656
2024-11-23 22:58:02.213,run_18_repetition_16,,,py,180,1,0.0,41926656
2024-11-23 22:58:02.434,run_18_repetition_16,,,py,180,1,0.0,41926656
2024-11-23 22:58:02.657,run_18_repetition_16,,,py,180,1,0.0,41926656
2024-11-23 22:58:02.879,run_18_repetition_16,,,py,180,1,0.0,41926656
2024-11-23 22:58:03.100,run_18_repetition_16,,,py,180,1,0.0,41926656
2024-11-23 22:58:03.321,run_18_repetition_16,,,py,180,1,0.0,41926656
2024-11-23 22:58:03.542,run_18_repetition_16,,,py,180,1,0.0,41926656
2024-11-23 22:58:03.763,run_18_repetition_16,,,py,180,1,0.0,41926656
2024-11-23 22:58:03.984,run_18_repetition_16,,,py,180,1,10.0,41926656
2024-11-23 22:58:04.205,run_18_repetition_16,,,py,180,1,0.0,41926656
2024-11-23 22:58:04.427,run_18_repetition_16,,,py,180,1,0.0,41926656
2024-11-23 22:58:04.648,run_18_repetition_16,,,py,180,1,0.0,41926656
2024-11-23 22:58:04.869,run_18_repetition_16,,,py,180,1,0.0,41926656
2024-11-23 22:58:05.090,run_18_repetition_16,,,py,180,1,0.0,41926656
2024-11-23 22:58:05.312,run_18_repetition_16,,,py,180,1,0.0,41926656
2024-11-23 22:58:05.533,run_18_repetition_16,,,py,180,1,0.0,41926656
2024-11-23 22:58:05.754,run_18_repetition_16,,,py,180,1,0.0,41926656
2024-11-23 22:58:05.974,run_18_repetition_16,,,py,180,1,0.0,41926656
2024-11-23 22:58:06.196,run_18_repetition_16,,,py,180,1,0.0,41926656
2024-11-23 22:58:06.416,run_18_repetition_16,,,py,180,1,0.0,41926656
2024-11-23 22:58:06.639,run_18_repetition_16,,,py,180,1,0.0,41926656
2024-11-23 22:58:06.860,run_18_repetition_16,,,py,180,1,0.0,41926656
2024-11-23 22:58:07.081,run_18_repetition_16,,,py,180,1,0.0,41926656
2024-11-23 22:58:07.302,run_18_repetition_16,,,py,180,1,0.0,41926656
2024-11-23 22:58:07.524,run_18_repetition_16,,,py,180,1,0.0,41926656
2024-11-23 22:58:07.745,run_18_repetition_16,,,py,180,1,0.0,41926656
2024-11-23 22:58:07.966,run_18_repetition_16,,,py,180,1,10.0,41926656
2024-11-23 22:58:08.187,run_18_repetition_16,,,py,180,1,0.0,41926656
2024-11-23 22:58:08.408,run_18_repetition_16,,,py,180,1,0.0,41926656
2024-11-23 22:58:08.630,run_18_repetition_16,,,py,180,1,0.0,41926656
2024-11-23 22:58:08.851,run_18_repetition_16,,,py,180,1,0.0,41926656
2024-11-23 22:58:09.072,run_18_repetition_16,,,py,180,1,0.0,41926656
2024-11-23 22:58:09.293,run_18_repetition_16,,,py,180,1,0.0,41926656
2024-11-23 22:58:09.514,run_18_repetition_16,,,py,180,1,0.0,41926656
2024-11-23 22:58:09.736,run_18_repetition_16,,,py,180,1,0.0,41926656
2024-11-23 22:58:09.956,run_18_repetition_16,,,py,180,1,0.0,41926656
2024-11-23 22:58:10.178,run_18_repetition_16,,,py,180,1,0.0,41926656
2024-11-23 22:58:10.398,run_18_repetition_16,,,py,180,1,0.0,41926656
2024-11-23 22:58:10.619,run_18_repetition_16,,,py,180,1,0.0,41926656
2024-11-23 22:58:10.840,run_18_repetition_16,,,py,180,1,0.0,41926656
2024-11-23 22:58:11.061,run_18_repetition_16,,,py,180,1,0.0,41926656
2024-11-23 22:58:11.282,run_18_repetition_16,,,py,180,1,0.0,41926656
2024-11-23 22:58:11.502,run_18_repetition_16,,,py,180,1,0.0,41926656
2024-11-23 22:58:11.723,run_18_repetition_16,,,py,180,1,0.0,41926656
2024-11-23 22:58:11.945,run_18_repetition_16,,,py,180,1,0.0,41926656
2024-11-23 22:58:12.166,run_18_repetition_16,,,py,180,1,0.0,41926656
2024-11-23 22:58:12.387,run_18_repetition_16,,,py,180,1,0.0,41926656
2024-11-23 22:58:12.608,run_18_repetition_16,,,py,180,1,0.0,41926656
2024-11-23 22:58:12.839,run_18_repetition_16,,,py,180,1,0.0,41926656
2024-11-23 22:58:13.067,run_18_repetition_16,,,py,180,1,0.0,41926656
2024-11-23 22:58:13.288,run_18_repetition_16,,,py,180,1,0.0,41926656
2024-11-23 22:58:13.509,run_18_repetition_16,,,py,180,1,0.0,41926656
2024-11-23 22:58:13.730,run_18_repetition_16,,,py,180,1,0.0,41926656
2024-11-23 22:58:13.953,run_18_repetition_16,,,py,180,1,0.0,41926656
2024-11-23 22:58:14.174,run_18_repetition_16,,,py,180,1,0.0,41926656
2024-11-23 22:58:14.395,run_18_repetition_16,,,py,180,1,0.0,41926656
2024-11-23 22:58:14.617,run_18_repetition_16,,,py,180,1,0.0,41926656
2024-11-23 22:58:14.838,run_18_repetition_16,,,py,180,1,0.0,41926656
2024-11-23 22:58:15.060,run_18_repetition_16,,,py,180,1,0.0,41926656
2024-11-23 22:58:15.281,run_18_repetition_16,,,py,180,1,0.0,41926656
2024-11-23 22:58:15.502,run_18_repetition_16,,,py,180,1,0.0,41926656
2024-11-23 22:58:15.723,run_18_repetition_16,,,py,180,1,0.0,41926656
2024-11-23 22:58:15.946,run_18_repetition_16,,,py,180,1,0.0,41926656
2024-11-23 22:58:16.166,run_18_repetition_16,,,py,180,1,0.0,41926656
2024-11-23 22:58:16.388,run_18_repetition_16,,,py,180,1,0.0,41926656
2024-11-23 22:58:16.609,run_18_repetition_16,,,py,180,1,0.0,41926656
2024-11-23 22:58:16.831,run_18_repetition_16,,,py,180,1,0.0,41926656
2024-11-23 22:58:17.051,run_18_repetition_16,,,py,180,1,0.0,41926656
2024-11-23 22:58:17.273,run_18_repetition_16,,,py,180,1,0.0,41926656
2024-11-23 22:58:17.494,run_18_repetition_16,,,py,180,1,0.0,41926656
2024-11-23 22:58:17.714,run_18_repetition_16,,,py,180,1,0.0,41926656
2024-11-23 22:58:17.937,run_18_repetition_16,,,py,180,1,0.0,41926656
2024-11-23 22:58:18.158,run_18_repetition_16,,,py,180,1,0.0,41926656
2024-11-23 22:58:18.379,run_18_repetition_16,,,py,180,1,0.0,41926656
2024-11-23 22:58:18.600,run_18_repetition_16,,,py,180,1,0.0,41926656
2024-11-23 22:58:18.821,run_18_repetition_16,,,py,180,1,0.0,41926656
2024-11-23 22:58:19.043,run_18_repetition_16,,,py,180,1,0.0,41926656
2024-11-23 22:58:19.264,run_18_repetition_16,,,py,180,1,0.0,41926656
2024-11-23 22:58:19.485,run_18_repetition_16,,,py,180,1,0.0,41926656
2024-11-23 22:58:19.706,run_18_repetition_16,,,py,180,1,0.0,41926656
2024-11-23 22:58:19.927,run_18_repetition_16,,,py,180,1,0.0,41926656
2024-11-23 22:58:20.149,run_18_repetition_16,,,py,180,1,0.0,41926656
2024-11-23 22:58:20.370,run_18_repetition_16,,,py,180,1,0.0,41926656
2024-11-23 22:58:20.591,run_18_repetition_16,,,py,180,1,0.0,41926656
2024-11-23 22:58:20.813,run_18_repetition_16,,,py,180,1,0.0,41926656
2024-11-23 22:58:21.034,run_18_repetition_16,,,py,180,1,0.0,41926656
2024-11-23 22:58:21.255,run_18_repetition_16,,,py,180,1,0.0,41926656
2024-11-23 22:58:21.477,run_18_repetition_16,,,py,180,1,0.0,41926656
2024-11-23 22:58:21.698,run_18_repetition_16,,,py,180,1,0.0,41926656
2024-11-23 22:58:21.919,run_18_repetition_16,,,py,180,1,0.0,41926656
2024-11-23 22:58:22.140,run_18_repetition_16,,,py,180,1,0.0,41926656
2024-11-23 22:58:22.361,run_18_repetition_16,,,py,180,1,0.0,41926656
2024-11-23 22:58:22.582,run_18_repetition_16,,,py,180,1,0.0,41926656
2024-11-23 22:58:22.803,run_18_repetition_16,,,py,180,1,0.0,41926656
2024-11-23 22:58:23.024,run_18_repetition_16,,,py,180,1,10.0,41926656
2024-11-23 22:58:23.245,run_18_repetition_16,,,py,180,1,0.0,41926656
2024-11-23 22:58:23.466,run_18_repetition_16,,,py,180,1,0.0,41926656
2024-11-23 22:58:23.688,run_18_repetition_16,,,py,180,1,0.0,41926656
2024-11-23 22:58:23.909,run_18_repetition_16,,,py,180,1,0.0,41926656
2024-11-23 22:58:24.129,run_18_repetition_16,,,py,180,1,0.0,41926656
2024-11-23 22:58:24.350,run_18_repetition_16,,,py,180,1,0.0,41926656
2024-11-23 22:58:24.571,run_18_repetition_16,,,py,180,1,0.0,41926656
2024-11-23 22:58:24.792,run_18_repetition_16,,,py,180,1,0.0,41926656
2024-11-23 22:58:25.013,run_18_repetition_16,,,py,180,1,0.0,41926656
2024-11-23 22:58:25.234,run_18_repetition_16,,,py,180,1,0.0,41926656
2024-11-23 22:58:25.456,run_18_repetition_16,,,py,180,1,0.0,41926656
2024-11-23 22:58:25.677,run_18_repetition_16,,,py,180,1,0.0,41926656
2024-11-23 22:58:25.898,run_18_repetition_16,,,py,180,1,0.0,41926656
2024-11-23 22:58:26.119,run_18_repetition_16,,,py,180,1,0.0,41926656
2024-11-23 22:58:26.341,run_18_repetition_16,,,py,180,1,0.0,41926656
2024-11-23 22:58:26.563,run_18_repetition_16,,,py,180,1,0.0,41926656
2024-11-23 22:58:26.784,run_18_repetition_16,,,py,180,1,0.0,41926656
2024-11-23 22:58:27.005,run_18_repetition_16,,,py,180,1,0.0,41926656
2024-11-23 22:58:27.226,run_18_repetition_16,,,py,180,1,0.0,41926656
2024-11-23 22:58:27.447,run_18_repetition_16,,,py,180,1,0.0,41926656
2024-11-23 22:58:27.668,run_18_repetition_16,,,py,180,1,0.0,41926656
2024-11-23 22:58:27.888,run_18_repetition_16,,,py,180,1,0.0,41926656
2024-11-23 22:58:28.109,run_18_repetition_16,,,py,180,1,0.0,41926656
2024-11-23 22:58:28.330,run_18_repetition_16,,,py,180,1,0.0,41926656
2024-11-23 22:58:28.550,run_18_repetition_16,,,py,180,1,0.0,41926656
2024-11-23 22:58:28.771,run_18_repetition_16,,,py,180,1,0.0,41926656
2024-11-23 22:58:28.993,run_18_repetition_16,,,py,180,1,0.0,41926656
2024-11-23 22:58:29.214,run_18_repetition_16,,,py,180,1,0.0,41926656
2024-11-23 22:58:29.435,run_18_repetition_16,,,py,180,1,0.0,41926656
2024-11-23 22:58:29.656,run_18_repetition_16,,,py,180,1,0.0,41926656
2024-11-23 22:58:29.877,run_18_repetition_16,,,py,180,1,0.0,41926656
2024-11-23 22:58:30.106,run_18_repetition_16,,,py,180,1,0.0,41926656
2024-11-23 22:58:30.336,run_18_repetition_16,,,py,180,1,0.0,41926656
2024-11-23 22:58:30.564,run_18_repetition_16,,,py,180,1,0.0,41926656
2024-11-23 22:58:30.796,run_18_repetition_16,,,py,180,1,0.0,41926656
2024-11-23 22:58:31.026,run_18_repetition_16,,,py,180,1,10.0,41926656
2024-11-23 22:58:31.248,run_18_repetition_16,,,py,180,1,0.0,41926656
2024-11-23 22:58:31.470,run_18_repetition_16,,,py,180,1,0.0,41926656
2024-11-23 22:58:31.692,run_18_repetition_16,,,py,180,1,0.0,41926656
2024-11-23 22:58:31.913,run_18_repetition_16,,,py,180,1,0.0,41926656
2024-11-23 22:58:32.133,run_18_repetition_16,,,py,180,1,0.0,41926656
2024-11-23 22:58:32.355,run_18_repetition_16,,,py,180,1,0.0,41926656
2024-11-23 22:58:32.580,run_18_repetition_16,,,py,180,1,0.0,41926656
2024-11-23 22:58:32.804,run_18_repetition_16,,,py,180,1,0.0,41926656
2024-11-23 22:58:33.025,run_18_repetition_16,,,py,180,1,0.0,41926656
2024-11-23 22:58:33.247,run_18_repetition_16,,,py,180,1,0.0,41926656
2024-11-23 22:58:33.468,run_18_repetition_16,,,py,180,1,0.0,41926656
2024-11-23 22:58:33.699,run_18_repetition_16,,,py,180,1,0.0,41926656
2024-11-23 22:58:33.930,run_18_repetition_16,,,py,180,1,0.0,41926656
2024-11-23 22:58:34.157,run_18_repetition_16,,,py,180,1,0.0,41926656
2024-11-23 22:58:34.378,run_18_repetition_16,,,py,180,1,0.0,41926656
2024-11-23 22:58:34.598,run_18_repetition_16,,,py,180,1,0.0,41926656
2024-11-23 22:58:34.820,run_18_repetition_16,,,py,180,1,0.0,41926656
2024-11-23 22:58:35.041,run_18_repetition_16,,,py,180,1,0.0,41926656
2024-11-23 22:58:35.262,run_18_repetition_16,,,py,180,1,0.0,41926656
2024-11-23 22:58:35.483,run_18_repetition_16,,,py,180,1,0.0,41926656
2024-11-23 22:58:35.704,run_18_repetition_16,,,py,180,1,0.0,41926656
2024-11-23 22:58:35.926,run_18_repetition_16,,,py,180,1,0.0,41926656
2024-11-23 22:58:36.148,run_18_repetition_16,,,py,180,1,0.0,41926656
2024-11-23 22:58:36.370,run_18_repetition_16,,,py,180,1,0.0,41926656
2024-11-23 22:58:36.591,run_18_repetition_16,,,py,180,1,0.0,41926656
2024-11-23 22:58:36.812,run_18_repetition_16,,,py,180,1,0.0,41926656
2024-11-23 22:58:37.033,run_18_repetition_16,,,py,180,1,0.0,41926656
2024-11-23 22:58:37.254,run_18_repetition_16,,,py,180,1,0.0,41926656
2024-11-23 22:58:37.475,run_18_repetition_16,,,py,180,1,0.0,41926656
2024-11-23 22:58:37.696,run_18_repetition_16,,,py,180,1,10.0,41926656
2024-11-23 22:58:37.917,run_18_repetition_16,,,py,180,1,0.0,41926656
2024-11-23 22:58:38.138,run_18_repetition_16,,,py,180,1,0.0,41926656
2024-11-23 22:58:38.360,run_18_repetition_16,,,py,180,1,0.0,41926656
2024-11-23 22:58:38.581,run_18_repetition_16,,,py,180,1,0.0,41926656
2024-11-23 22:58:38.802,run_18_repetition_16,,,py,180,1,0.0,41926656
2024-11-23 22:58:39.023,run_18_repetition_16,,,py,180,1,0.0,41926656
2024-11-23 22:58:39.243,run_18_repetition_16,,,py,180,1,0.0,41926656
2024-11-23 22:58:39.465,run_18_repetition_16,,,py,180,1,0.0,41926656
2024-11-23 22:58:39.686,run_18_repetition_16,,,py,180,1,0.0,41926656
2024-11-23 22:58:39.907,run_18_repetition_16,,,py,180,1,0.0,41926656
2024-11-23 22:58:40.128,run_18_repetition_16,,,py,180,1,0.0,41926656
2024-11-23 22:58:40.348,run_18_repetition_16,,,py,180,1,0.0,41926656
2024-11-23 22:58:40.570,run_18_repetition_16,,,py,180,1,0.0,41926656
2024-11-23 22:58:40.789,run_18_repetition_16,,,py,180,1,0.0,41926656
2024-11-23 22:58:41.010,run_18_repetition_16,,,py,180,1,0.0,41926656
2024-11-23 22:58:41.232,run_18_repetition_16,,,py,180,1,0.0,41926656
2024-11-23 22:58:41.453,run_18_repetition_16,,,py,180,1,0.0,41926656
2024-11-23 22:58:41.674,run_18_repetition_16,,,py,180,1,0.0,41926656
2024-11-23 22:58:41.895,run_18_repetition_16,,,py,180,1,0.0,41926656
2024-11-23 22:58:42.117,run_18_repetition_16,,,py,180,1,0.0,41926656
2024-11-23 22:58:42.338,run_18_repetition_16,,,py,180,1,0.0,41926656
2024-11-23 22:58:42.559,run_18_repetition_16,,,py,180,1,0.0,41926656
2024-11-23 22:58:42.780,run_18_repetition_16,,,py,180,1,0.0,41926656
2024-11-23 22:58:43.001,run_18_repetition_16,,,py,180,1,0.0,41926656
2024-11-23 22:58:43.221,run_18_repetition_16,,,py,180,1,0.0,41926656
2024-11-23 22:58:43.442,run_18_repetition_16,,,py,180,1,0.0,41926656
2024-11-23 22:58:43.664,run_18_repetition_16,,,py,180,1,0.0,41926656
2024-11-23 22:58:43.886,run_18_repetition_16,,,py,180,1,0.0,41926656
2024-11-23 22:58:44.107,run_18_repetition_16,,,py,180,1,0.0,41926656
2024-11-23 22:58:44.328,run_18_repetition_16,,,py,180,1,0.0,41926656
2024-11-23 22:58:44.548,run_18_repetition_16,,,py,180,1,0.0,41926656
2024-11-23 22:58:44.770,run_18_repetition_16,,,py,180,1,0.0,41926656
2024-11-23 22:58:44.991,run_18_repetition_16,,,py,180,1,0.0,41926656
2024-11-23 22:58:45.213,run_18_repetition_16,,,py,180,1,0.0,41926656
2024-11-23 22:58:45.434,run_18_repetition_16,,,py,180,1,0.0,41926656
2024-11-23 22:58:45.655,run_18_repetition_16,,,py,180,1,0.0,41926656
2024-11-23 22:58:45.876,run_18_repetition_16,,,py,180,1,0.0,41926656
2024-11-23 22:58:46.097,run_18_repetition_16,,,py,180,1,0.0,41926656
2024-11-23 22:58:46.318,run_18_repetition_16,,,py,180,1,0.0,41926656
2024-11-23 22:58:46.540,run_18_repetition_16,,,py,180,1,0.0,41926656
2024-11-23 22:58:46.761,run_18_repetition_16,,,py,180,1,0.0,41926656
2024-11-23 22:58:46.983,run_18_repetition_16,,,py,180,1,0.0,41926656
2024-11-23 22:58:47.205,run_18_repetition_16,,,py,180,1,0.0,41926656
2024-11-23 22:58:47.427,run_18_repetition_16,,,py,180,1,0.0,41926656
2024-11-23 22:58:47.648,run_18_repetition_16,,,py,180,1,0.0,41926656
2024-11-23 22:58:47.870,run_18_repetition_16,,,py,180,1,0.0,41926656
2024-11-23 22:58:48.091,run_18_repetition_16,,,py,180,1,0.0,41926656
2024-11-23 22:58:48.315,run_18_repetition_16,,,py,180,1,0.0,41926656
2024-11-23 22:58:48.546,run_18_repetition_16,,,py,180,1,0.0,41926656
2024-11-23 22:58:48.776,run_18_repetition_16,,,py,180,1,0.0,41926656
2024-11-23 22:58:49.003,run_18_repetition_16,,,py,180,1,0.0,41926656
2024-11-23 22:58:49.225,run_18_repetition_16,,,py,180,1,0.0,41926656
2024-11-23 22:58:49.446,run_18_repetition_16,,,py,180,1,0.0,41926656
2024-11-23 22:58:49.668,run_18_repetition_16,,,py,180,1,0.0,41926656
2024-11-23 22:58:49.889,run_18_repetition_16,,,py,180,1,0.0,41926656
2024-11-23 22:58:50.110,run_18_repetition_16,,,py,180,1,0.0,41926656
2024-11-23 22:58:50.331,run_18_repetition_16,,,py,180,1,0.0,41926656
2024-11-23 22:58:50.552,run_18_repetition_16,,,py,180,1,0.0,41926656
2024-11-23 22:58:50.774,run_18_repetition_16,,,py,180,1,0.0,41926656
2024-11-23 22:58:50.995,run_18_repetition_16,,,py,180,1,0.0,41926656
2024-11-23 22:58:51.217,run_18_repetition_16,,,py,180,1,0.0,41926656
2024-11-23 22:58:51.438,run_18_repetition_16,,,py,180,1,0.0,41926656
2024-11-23 22:58:51.660,run_18_repetition_16,,,py,180,1,0.0,41926656
2024-11-23 22:58:51.881,run_18_repetition_16,,,py,180,1,0.0,41926656
2024-11-23 22:58:52.102,run_18_repetition_16,,,py,180,1,0.0,41926656
2024-11-23 22:58:52.332,run_18_repetition_16,,,py,180,1,0.0,41926656
2024-11-23 22:58:52.563,run_18_repetition_16,,,py,180,1,0.0,41926656
2024-11-23 22:58:52.793,run_18_repetition_16,,,py,180,1,0.0,41926656
2024-11-23 22:58:53.024,run_18_repetition_16,,,py,180,1,0.0,41926656
2024-11-23 22:58:53.255,run_18_repetition_16,,,py,180,1,0.0,41926656
2024-11-23 22:58:53.485,run_18_repetition_16,,,py,180,1,0.0,41926656
2024-11-23 22:58:53.716,run_18_repetition_16,,,py,180,1,0.0,41926656
2024-11-23 22:58:53.947,run_18_repetition_16,,,py,180,1,0.0,41926656
2024-11-23 22:58:54.177,run_18_repetition_16,,,py,180,1,0.0,41926656
2024-11-23 22:58:54.407,run_18_repetition_16,,,py,180,1,0.0,41926656
2024-11-23 22:58:54.638,run_18_repetition_16,,,py,180,1,0.0,41926656
2024-11-23 22:58:54.859,run_18_repetition_16,,,py,180,1,0.0,41926656
2024-11-23 22:58:55.081,run_18_repetition_16,,,py,180,1,0.0,41926656
2024-11-23 22:58:55.309,run_18_repetition_16,,,py,180,1,0.0,41926656
2024-11-23 22:58:55.540,run_18_repetition_16,,,py,180,1,0.0,41926656
2024-11-23 22:58:55.771,run_18_repetition_16,,,py,180,1,0.0,41926656
2024-11-23 22:58:55.999,run_18_repetition_16,,,py,180,1,0.0,41926656
2024-11-23 22:58:56.220,run_18_repetition_16,,,py,180,1,0.0,41926656
2024-11-23 22:58:56.440,run_18_repetition_16,,,py,180,1,0.0,41926656
2024-11-23 22:58:56.662,run_18_repetition_16,,,py,180,1,0.0,41926656
2024-11-23 22:58:56.883,run_18_repetition_16,,,py,180,1,0.0,41926656
2024-11-23 22:58:57.104,run_18_repetition_16,,,py,180,1,0.0,41926656
2024-11-23 22:58:57.325,run_18_repetition_16,,,py,180,1,0.0,41926656
2024-11-23 22:58:57.546,run_18_repetition_16,,,py,180,1,0.0,41926656
2024-11-23 22:58:57.768,run_18_repetition_16,,,py,180,1,0.0,41926656
2024-11-23 22:58:57.998,run_18_repetition_16,,,py,180,1,0.0,41926656
2024-11-23 22:58:58.228,run_18_repetition_16,,,py,180,1,0.0,41926656
2024-11-23 22:58:58.459,run_18_repetition_16,,,py,180,1,0.0,41926656
2024-11-23 22:58:58.690,run_18_repetition_16,,,py,180,1,0.0,41926656
2024-11-23 22:58:58.910,run_18_repetition_16,,,py,180,1,0.0,41926656
2024-11-23 22:58:59.131,run_18_repetition_16,,,py,180,1,0.0,41926656
2024-11-23 22:58:59.352,run_18_repetition_16,,,py,180,1,0.0,41926656
2024-11-23 22:58:59.574,run_18_repetition_16,,,py,180,1,0.0,41926656
2024-11-23 22:58:59.795,run_18_repetition_16,,,py,180,1,0.0,41926656
2024-11-23 22:59:00.016,run_18_repetition_16,,,py,180,1,0.0,41926656
2024-11-23 22:59:00.238,run_18_repetition_16,,,py,180,1,0.0,41926656
2024-11-23 22:59:00.460,run_18_repetition_16,,,py,180,1,0.0,41926656
2024-11-23 22:59:00.690,run_18_repetition_16,,,py,180,1,0.0,41926656
2024-11-23 22:59:00.921,run_18_repetition_16,,,py,180,1,0.0,41926656
2024-11-23 22:59:01.151,run_18_repetition_16,,,py,180,1,0.0,41926656
2024-11-23 22:59:01.382,run_18_repetition_16,,,py,180,1,0.0,41926656
2024-11-23 22:59:01.612,run_18_repetition_16,,,py,180,1,0.0,41926656
2024-11-23 22:59:01.843,run_18_repetition_16,,,py,180,1,0.0,41926656
2024-11-23 22:59:02.066,run_18_repetition_16,,,py,180,1,0.0,41926656
2024-11-23 22:59:02.287,run_18_repetition_16,,,py,180,1,0.0,41926656
2024-11-23 22:59:02.511,run_18_repetition_16,,,py,180,1,0.0,41926656
2024-11-23 22:59:02.732,run_18_repetition_16,,,py,180,1,0.0,41926656
2024-11-23 22:59:02.954,run_18_repetition_16,,,py,180,1,0.0,41926656
2024-11-23 22:59:03.175,run_18_repetition_16,,,py,180,1,0.0,41926656
2024-11-23 22:59:03.405,run_18_repetition_16,,,py,180,1,0.0,41926656
2024-11-23 22:59:03.635,run_18_repetition_16,,,py,180,1,0.0,41926656
2024-11-23 22:59:03.866,run_18_repetition_16,,,py,180,1,0.0,41926656
2024-11-23 22:59:04.097,run_18_repetition_16,,,py,180,1,0.0,41926656
2024-11-23 22:59:04.327,run_18_repetition_16,,,py,180,1,0.0,41926656
2024-11-23 22:59:04.558,run_18_repetition_16,,,py,180,1,0.0,41926656
2024-11-23 22:59:04.789,run_18_repetition_16,,,py,180,1,0.0,41926656
2024-11-23 22:59:04.998,run_18_repetition_16,,,py,180,1,0.0,41926656
